Species,v_cop_dur_mean,v_cop_dur_se,RI50,RI50_2,RI50_3,Monandry,remating_cop_dur_mean,remating_cop_dur_se,sperm_per_cop_mean,sperm_per_cop_se,ejection_time_mean,ejection_time_se,sp.l_mean,sp.l_se,SR.l_mean,SR.l_se,th.l.M_mean,th.l.M_se,th.w.M_mean,th.w.M_se,th.h.M_mean,th.h.M_se,th.l.F_mean,th.l.F_se,th.w.F_mean,th.w.F_se,th.h.F_mean,th.h.F_se,Ovariole_mean,Ovariole_se,egg_l_mean,egg_l_se,egg_w_mean,egg_w_se,egg_vol_mean,egg_vol_se,egg_vol_mean2,Sperm_storage_organ,testis.l_mean,testis.l_se,AG.area_mean,AG.area_se,Plug,insemination_rxn,male_dry_mass_mean,male_dry_mass_se,male_dry_testis_mean,male_dry_testis_se,mean_gsi,female_dry_mass_mean,female_dry_mass_se,male_wing_area_mean,male_wing_area_se,female_wing_area_mean,female_wing_area_se,number_appendage,app_l_mean,app_l_se,spth_duct_length_mean,spth_duct_length_se,capsule_length_mean,capsule_length_se,capsule_width_mean,capsule_width_se,introvert_mean,introvert_se,comment
C_procnemis,26.55,1.414644107,1,1,1,0,26.07692308,1.028201931,692.4,31.28833649,96,7.810249676,5.719766667,0.178806301,12.2108,1.362768263,0.985416667,0.006782842,0.683333333,0.005270463,0.908333333,0.008936504,0.9825,0.0075,0.6825,0.006373774,0.91,0.010752907,19.1,0.187082869,0.41635,0.003117248,0.1557,0.001681322,0.005297007,0.000120966,0.005284871,0,14.424,0.439314238,0.19,0.021633308,1,0,0.27398,0.00494999,0.02876,0.002017077,0.104971166,0.41096,0.020172471,1.3595,0.041969235,1.51175,0.024790371,10,0.0628,0.002428558,0.1378,0.009810199,0.169,0.001581139,0.1174,0.003264966,0.0994,0.005818935,
D_acutilabella,23.75,0.839528256,21,21,21,0,27.92307692,3.24523623,130.6,15.86694678,228,15.93737745,4.366208333,0.176672921,7.3792,0.212810338,1.0075,0.006373774,0.7725,0.00728869,0.955,0.015103807,1.1375,0.022008521,0.8025,0.010752907,1.0775,0.018285924,17.7,0.604152299,0.43405,0.006374899,0.1557,0.002539271,0.005546947,0.000202282,0.005509543,0,5.166,0.127738013,0.114666667,0.000666667,1,1,0.29492,0.012663665,0.00204,0.000478121,0.00691713,0.54108,0.012140939,1.4322,0.024636152,1.7986,0.018370084,4,0.360962963,0.01077198,0.1466,0.005455273,0.1344,0.003140064,0.1032,0.003891015,0.211,0.142256107,
D_affinis,3.85,0.366112635,7,7,7,0,6.363636364,0.452723622,,,,,0.51,0,1.1538,0.03720672,0.865,0.00728869,0.6275,0.008291562,0.85,0.016298006,0.9825,0.008477912,0.71,0.012747549,0.9275,0.008291562,14.2,0.254950976,0.43245,0.003987794,0.1723,0.002924578,0.006748687,0.000224505,0.006722102,0,0.904,0.03118226,0.056333333,0.004333333,1,0,0.15632,0.005029751,0.00572,0.00044317,0.036591607,0.20592,0.009819644,1.2294,0.03741203,1.5878,0.018540227,2,0.1923,0.004225867,0.1614,0.009410632,0.0466,0.007201389,0.063,0.009154234,0.0256,0.003249615,
D_albomicans,22.7,0.644702277,14,14,14,0,25.08333333,1.117751621,632.8,40.52456045,273.75,49.16036077,5.35,,6.809666667,0.132114513,1.249801587,0.041943243,0.8075,0.009354143,1.0475,0.013346348,1.428571429,0.005019488,0.825,0.016298006,1.1475,0.01,21.25,0.75,0.591,0.006569867,0.19475,0.002876287,0.01181603,0.000424475,0.011736566,0,5.708666667,0.20255068,0.282333333,0.017854349,1,0,0.48054,0.017397517,0.0148,0.00117601,0.030798685,0.86346,0.040370417,1.9018,0.061521866,2.2022,0.023337523,4,0.325294118,0.008390438,0.135833333,0.004077717,0.139833333,0.001887091,0.137833333,0.002372294,0.0505,0.001765408,
D_aldrichi,2.428571429,0.097249378,2,2,2,0,1.6,0.163299316,226.6,26.58495815,128.1818182,8.667408317,1.999286843,0.024050079,3.851,0.086174242,1.0225,0.012747549,0.76,0.009185587,0.975,0.01118034,1.135,0.019921722,0.7975,0.00728869,1.1025,0.016007811,23,0.353553391,0.4472,0.003855686,0.1454,0.001501578,0.004956428,0.000102504,0.004950274,1,2.282333333,0.094051995,0.926666667,0.100878365,1,1,0.37532,0.02093818,0.01606,0.004353688,0.042790152,0.47806,0.026771731,1.7768,0.021622673,2.0696,0.038520903,4,0.473289474,0.008437506,0.2342,0.010537552,,,,,,,non-melanized
D_americana,3.325,0.157657126,1,1,1,0,2.772727273,0.160246269,507.4,51.08483141,172.5,6.261353325,5.22,0.02,10.5392,0.525996901,1.09,0.010752907,0.75,0.008838835,1.0525,0.03122499,1.1475,0.0121192,0.8275,0.013346348,1.0925,0.031770663,19.9,0.430116263,0.62945,0.004512833,0.19655,0.001731253,0.012750019,0.000238437,0.012732273,0,7.679333333,0.136833638,0.253333333,0.020787282,1,0,0.43162,0.012225359,0.02824,0.003872415,0.065427923,0.56424,0.01777092,2.222,0.036670151,2.722,0.033609522,4,0.391730769,0.015105339,0.1392,0.005748043,0.1532,0.000969536,0.1206,0.00143527,0.1284,0.005035871,
D_ananassae,4.619047619,0.140318126,21,21,21,0,5.6,0.32071349,1118.2,54.85745164,,,2.267666667,0.026515991,4.5452,0.130246459,0.9425,0.011592023,0.69,0.004677072,0.9025,0.01,1.065,0.008291562,0.7775,0.0121192,0.9075,0.009354143,14.78571429,0.82272155,0.5349,0.00502148,0.1809,0.003065856,0.009203204,0.000307057,0.009165335,0,2.609333333,0.066308203,0.143,0.017097758,1,0,0.20052,0.005246084,0.00374,0.000698999,0.018651506,0.4039,0.018917558,1.6722,0.022136847,1.9304,0.018170305,2,0.410176471,0.009449259,0.152428571,0.004503211,0.098571429,0.000751416,0.058142857,0.000986301,0.210428571,0.118264203,
D_anceps,6.95,0.167752871,7,7,7,0,5.461538462,0.385895306,700,66.62507036,289.5,9.5,1.53,0.01,4.3274,0.100099251,1.193650794,0.018374344,0.787301587,0.012895299,1.104761905,0.021057935,1.304761905,0.013654485,0.911111111,0.008093682,1.250793651,0.005939139,29.3,0.8,0.43295,0.003381431,0.1476,0.002341165,0.004953201,0.000145805,0.004938659,1,2.5,0.028536526,0.377,0.005567764,1,0,0.4253,0.024432028,0.01566,0.00056,0.036821067,0.96674,0.055490897,2.2462,0.124548545,3.0246,0.052608554,4,0.333975,0.003895672,0.1672,0.002497999,,,,,,,non-melanized
D_anomalata,3.72,0.103174115,14,14,14,0,4,0.209656967,671.4,34.78160433,229.44,9.579227526,3.212861111,0.062907945,4.9472,0.130661165,0.7525,0.018285924,0.69,0.026634095,0.8825,0.03127499,0.8575,0.01879162,0.735,0.015512092,0.84,0.012747549,13.125,0.875,0.49135,0.002886698,0.1754,0.002932037,0.007970719,0.000286132,0.007914961,0,3.885333333,0.027882691,0.149333333,0.014768585,1,1,0.1421,0.00753545,0.00728,0.00069527,0.051231527,0.15234,0.017438366,0.929,0.024787093,1.1348,0.044151331,2,0.269666667,0.007750606,0.1675,0.013003205,0.10275,0.002015564,0.07475,0.000946485,0.09525,0.00275,
D_anomelani,7.8,0.599439514,7,7,7,0,7.916666667,0.583333333,891.4,52.30640496,354.375,33.53353199,2.608444444,0.069924386,3.0532,0.076505163,0.8375,0.016298006,0.6175,0.008477912,0.6725,0.019121323,0.955,0.008477912,0.69,0.012747549,0.905,0.012869538,14.8,0.7,0.62385,0.004565474,0.19545,0.002020259,0.012488131,0.00023281,0.012478149,1,2.815666667,0.222043039,0.2,0.006110101,1,1,0.1989,0.013032421,0.00392,0.000708802,0.019708396,0.20252,0.002818759,1.1118,0.026019992,1.352,0.025197222,2,0.538230769,0.013625632,0.1314,0.021292252,0.0622,0.001529706,0.0524,0.001805547,,,non-melanized
D_arawakana,31.43589744,1.856452755,100,35,,1,,,883.2,37.80661318,0,,2.29252,0.087761805,4.34,0.158629442,0.8825,0.010897247,0.6475,0.008291562,0.875,0.01118034,0.965,0.014469796,0.71,0.013346348,0.925,0.018114221,15.2,0.2,0.4715,0.004070109,0.16305,0.001792492,0.006572811,0.000144274,0.006563295,0,3.12,0.078621456,0.055,0.003464102,1,1,0.3004,0.006698134,0.0031,0.001063015,0.010319574,0.46638,0.008601535,1.1622,0.03301121,1.423,0.032713911,4,0.418142857,0.007778806,0.1354,0.017264414,0.0936,0.003203123,0.0888,0.002310844,0.0398,0.001496663,
D_arizonae,1.365853659,0.076158512,4,4,4,0,1.846153846,0.191021339,1207,66.81915893,423.3333333,5.464532104,1.52,0.01,4.5684,0.162494185,0.84,0.022150056,0.595,0.016105123,0.79,0.026040833,0.9775,0.026925824,0.7325,0.016105123,0.9425,0.03391165,11.9,0.659545298,0.41895,0.003096241,0.1644,0.001865758,0.005945234,0.000142363,0.005928768,1,2.221,0.059349249,0.258,0.016258331,1,1,0.16694,0.011057694,0.0077,0.001337909,0.046124356,0.28792,0.030527142,1.2154,0.050392063,1.51375,0.064329069,4,0.426649351,0.008325626,0.189,0.018346662,,,,,,,non-melanized
D_atripex,2.35,0.121686862,1,1,1,0,1.7,0.213437475,435.6,39.86803231,,,2.556646667,0.010496242,3.1108,0.057812109,0.8675,0.016105123,0.745,0.030771334,1.08,0.030259296,1.0525,0.025124689,0.81,0.02351861,0.99,0.026040833,11.625,0.239356777,0.5172,0.004339901,0.1768,0.00137955,0.008472058,0.000143242,0.008464897,0,3.038,0.293193338,0.251,0.031432467,1,0,0.20298,0.006748881,0.00448,0.000463033,0.02207114,0.3274,0.012086232,1.1502,0.002853069,1.5266,0.01377171,2,0.3757,0.008631369,0.19025,0.007341378,0.07475,0.003119161,0.068,0.000707107,0.06625,0.002286737,
D_austrosaltans,19.7,0.384307569,4,4,4,0,16.61538462,0.583298111,,,153,30.52048492,9.96,0.33,13.657,0.220792889,0.925,0.003952847,0.655,0.009354143,0.8825,0.005,1.0125,0.013693064,0.7625,0.008838835,1.0325,0.013462912,15.7,0.681909085,0.4456,0.004228599,0.1671,0.002982316,0.006584923,0.000290397,0.006514734,0,4.25,0.098137658,0.103,0.003511885,1,0,0.29622,0.010973213,0.0127,0.000457165,0.04287354,0.45046,0.016132935,1.3474,0.021720037,1.851,0.110694625,2,0.332653846,0.010158731,0.4044,0.029675916,0.1256,0.004489989,0.135,0.007880355,0.1084,0.002204541,
D_azteca,8.525,0.363366559,10,10,10,0,6.461538462,0.813471389,,,337.5,15.04160896,1.43,0.046,2.6172,0.093951796,0.86,0.01,0.6275,0.009185587,0.8125,0.008838835,0.86,0.01,0.6275,0.009185587,0.8125,0.008838835,31.1,0.696419414,0.4406,0.005240229,0.16035,0.003665827,0.005992876,0.000281944,0.005931725,0,1.924333333,0.04885466,0.093666667,0.006984109,1,0,0.15836,0.007644776,0.00796,0.000365513,0.050265218,0.2304,0.015783441,1.2246,0.023663474,1.6144,0.036516572,2,0.1521,0.003727032,0.1464,0.005784462,0.052,0.001702939,0.0734,0.00150333,0.0358,0.00156205,
D_baimaii,5.205128205,0.12282926,7,7,7,0,4.882352941,0.362612588,1419.8,48.97080763,,,1.902444444,0.043206795,2.2412,0.03766882,0.955,0.016583124,0.695,0.012869538,0.83,0.022912878,0.9675,0.017940875,0.7625,0.006846532,0.8925,0.02755676,10.375,0.314576435,0.4568,0.004598398,0.1527,0.001308072,0.005585783,0.000115354,0.005577028,1,2.636333333,0.012978615,0.202666667,0.021797044,1,0,0.19944,0.008386096,0.00304,0.00054461,0.01524268,0.30402,0.011684751,1.1936,0.028249956,1.336,0.035662305,2,0.320257143,0.00980399,0.143,0.001683251,0.04825,0.002174665,0.054,0.001414214,,,non-melanized
D_bakoue,8.853658537,0.269509436,2,2,2,0,9.2,0.296005148,1099,10.89954127,214.7333333,15.17018274,1.7895,0.067251394,2.833,0.150117621,0.9275,0.009185587,0.665,0.0121192,0.735,0.011456439,1.0275,0.00728869,0.7775,0.0121192,0.79,0.016007811,11.5,0.5,0.60675,0.005599283,0.2066,0.001246891,0.013574066,0.000218645,0.013560292,1,1.966333333,0.390901664,0.160666667,0.033790202,1,0,0.24446,0.003954567,0.01676,0.001998399,0.068559274,0.2418,0.007100141,1.25,0.015575622,1.5246,0.014664924,2,0.397725,0.017203346,0.127,0.021787611,,,,,,,non-melanized
D_barbarae,12.475,1.015260166,4,4,4,0,8.285714286,0.496455253,1343,68.43610158,,,1.256925,0.135160592,2.2208,0.082282683,0.8475,0.013919411,0.6275,0.010752907,0.8425,0.015612495,0.9275,0.017410485,0.68,0.017940875,0.855,0.011592023,10,0.645497224,0.46595,0.006138522,0.155,0.00229645,0.005888343,0.000185391,0.0058614,1,4.690333333,0.034863225,0.136,0.022113344,1,0,0.14984,0.008275482,0.0033,0.000522494,0.022023492,0.50618,0.338933631,0.93,0.012033287,1.1776,0.030929921,2,0.4774375,0.010433507,0.0958,0.010832359,,,,,,,non-melanized
D_biarmipes,24.63414634,0.596489831,21,21,21,0,18.83333333,0.909822938,1454.4,68.1201879,,,1.91,,3.07375,0.048618284,0.9475,0.0121192,0.7625,0.042573466,1.0825,0.011592023,1.0325,0.016105123,0.82,0.006373774,0.93,0.01879162,13,0.3086067,0.57635,0.003154174,0.1943,0.001875184,0.0114088,0.000217218,0.011392801,0,2.410666667,0.042880972,0.213666667,0.019341952,1,0,0.21902,0.006380313,0.00324,0.001931476,0.01479317,0.26376,0.002606645,1.406,0.0184716,1.5484,0.018811167,2,0.696705882,0.01587839,0.228428571,0.003975264,0.055571429,0.000895947,0.0625,0.000428174,0.0415,0.00067082,
D_bicornuta,5.425,0.175,2,2,2,0,4.888888889,0.278756446,1434.6,134.5323753,190.7142857,9.662678042,1.1467,0.048219049,1.2704,0.069507985,0.7125,0.006846532,0.63,0.012869538,0.7725,0.014469796,0.8325,0.029474565,0.6375,0.008838835,0.9,0.018957189,12.9,0.484767986,0.51375,0.003610566,0.1715,0.001206343,0.007919086,0.000123176,0.007911862,0,1.569,0.145908647,0.121666667,0.011609383,1,0,0.09096,0.010465066,0.00218,0.000505371,0.023966579,0.09218,0.016122946,0.9824,0.024959167,1.346,0.148431466,2,0.317277778,0.006571899,0.0826,0.024534873,0.0454,0.0031241,0.0616,0.00128841,0.0258,0.001907878,
D_bifasciata,6.853658537,0.415494087,28,28,28,0,5.818181818,0.40041301,,,,,0.23,0.02,0.5262,0.036661151,1.115,0.010752907,0.845,0.016583124,1.0625,0.011858541,1.2175,0.012869538,0.88,0.003061862,1.175,0.014790199,20.4,0.430116263,0.46995,0.004735351,0.1768,0.002145497,0.007723301,0.000219644,0.007691566,0,0.572333333,0.018835546,0.124,0.007,1,0,0.34706,0.011442928,0.00388,0.00050636,0.011179623,0.6284,0.009901313,2.0276,0.056321932,2.5234,0.061868085,2,0.3296,0.006823103,0.139,0.00591608,0.0618,0.004726521,0.062,0.001549193,0.0302,0.002497999,
D_bifurca,2.775,0.180765821,0.5,0.5,0.5,0,2.461538462,0.215293021,51.6,5.644466317,,,58.29,0.66,81.6464,2.394999971,1.544,0.017204651,0.98,0.014142136,1.436,0.021354157,1.533333333,0.025888105,1,0.014197257,1.447619048,0.022671201,23.3,0.339116499,0.538266667,0.002986424,0.176866667,0.001978134,0.008837665,0.000218671,0.008816335,1,64.56833333,0.936979959,0.251,0.012288206,0,0,0.81942,0.049183904,0.08566,0.004489499,0.104537356,1.08532,0.055556326,3.5764,0.072001806,3.7496,0.197095053,4,0.70924,0.015381621,0.275,0.011870131,0.0848,0.005342284,0.0582,0.0028,,,non-melanized
D_bipectinata,10.18518519,0.486387454,14,14,14,0,9.058823529,0.5653642,,,,,1.75,,4.304583333,0.056739364,0.775,0.008838835,0.635,0.013346348,0.7775,0.010752907,0.8525,0.015512092,0.725,0.016298006,0.9075,0.017047727,14.375,0.60319092,0.424714585,0.004625103,0.162674948,0.001966768,0.005900482,0.0001641,0.005884874,0,2.143666667,0.029491995,0.134666667,0.008089774,1,0,0.15008,0.018156305,0.004,0.001,0.026652452,0.23444,0.002937278,0.9602,0.075349453,1.0722,0.052176048,2,0.325879135,0.00710168,0.183,0.00805364,0.081444444,0.000987577,0.054444444,0.001259532,0.073222222,0.000812708,
D_birchii,3.648648649,0.156040613,1,1,1,0,2.777777778,0.318857802,563.6,70.9722481,,,4.204383333,0.304587308,4.9828,0.047416664,0.8975,0.012747549,0.71,0.024811792,1.0375,0.037080992,0.9425,0.012869538,0.7125,0.013110111,0.8325,0.011592023,9.75,0.322748612,0.484275541,0.004470793,0.164789707,0.002419741,0.006914953,0.000218266,0.006885751,1,4.518333333,0.065100777,0.181,0.013868429,1,0,0.21112,0.004045046,0.00462,0.000847585,0.021883289,0.1999,0.010009945,1.135,0.006700746,1.1296,0.03153506,2,0.472092153,0.011269847,0.13625,0.003497023,0.05575,0.002393568,0.0575,0.004974937,,,non-melanized
D_bocqueti,8.884615385,0.913702397,4,4,4,0,8.538461538,0.550237532,762,94.69952481,207.06,22.35825575,2.8628,0.100151352,3.5598,0.020431348,0.9125,0.04472136,0.7225,0.035222507,0.855,0.038850676,0.915,0.00728869,0.705,0.012869538,0.8875,0.016298006,15.375,0.554338946,0.4653,0.00283131,0.16415,0.003086707,0.006611939,0.000255723,0.006564678,1,3.812333333,0.089763269,0.216666667,0.016230972,1,0,0.22458,0.011753782,0.00832,0.001165075,0.037046932,0.24308,0.012159704,1.2226,0.029633765,1.6204,0.010151847,2,0.3998,0.009397163,0.14125,0.008730932,0.06075,0.003375772,0.06,0.003696846,,,non-melanized
D_borealis,2.85,0.141194538,1,1,1,0,2.333333333,0.166666667,433.4,18.66440462,159,22.54994457,7.54,0.05,13.0482,0.169991882,1.2275,0.009185587,0.8075,0.006373774,1.1725,0.020310096,1.175,0.015309311,0.81,0.010752907,1.16,0.015512092,11.5,0.353553391,0.5565,0.00590428,0.17755,0.001416956,0.009213804,0.000219286,0.00918555,0,8.052333333,0.317381124,0.190666667,0.019427929,0,0,0.48658,0.024551118,0.04404,0.004289592,0.090509269,0.60646,0.028672576,2.4308,0.024816124,2.386,0.03698378,4,0.406191489,0.007230424,0.1366,0.004781213,0.135,0.003209361,0.103,0.00181659,0.1134,0.002712932,
D_bunnanda,4.95,0.138443731,1,1,1,0,5.133333333,0.191899445,741.4,18.62686232,168.78,7.021709194,1.049205556,0.042757646,1.946,0.07109993,0.86,0.024494897,0.69,0.004677072,0.7925,0.024238399,0.995,0.006373774,0.7425,0.006373774,0.9325,0.006373774,10.875,0.239356777,0.49785,0.004506881,0.17235,0.00227026,0.007788437,0.000261509,0.007743186,1,1.783,0.026,0.224666667,0.008685876,1,0,0.19352,0.005618932,0.00494,0.000693974,0.025527077,0.29176,0.012227289,1.06,0.012177849,1.2952,0.013789126,2,0.440857143,0.0182163,0.1298,0.02825845,,,,,,,non-melanized
D_burlai,11.26666667,0.493799943,4,4,4,0,12.53846154,0.95819933,654.8,48.87166868,,,2.58128,0.028615912,3.0536,0.027603623,0.715,0.017410485,0.66,0.04831537,0.7225,0.015512092,0.835,0.014469796,0.62,0.011592023,0.755,0.022569338,13.5,0.204124145,0.50585,0.005688065,0.15665,0.003259218,0.006589222,0.000358769,0.006499518,1,3.073666667,0.034478657,0.213,0.012503333,1,0,0.1251,0.007954684,0.00284,0.000254165,0.022701839,0.14982,0.004094435,0.9788,0.018990524,1.2566,0.041602404,2,0.523863636,0.011383381,0.11925,0.002286737,0.074,0.004242641,0.057,0.004358899,,,non-melanized
D_busckii,19.48717949,0.595611249,3,3,3,0,25.61538462,1.412119981,924.2,43.69599524,229.5,15.97654531,1.18,0.01,1.3774,0.109141468,0.9375,0.00559017,0.705,0.006373774,0.7875,0.021650635,1.02,0.010155048,0.8075,0.019605484,0.91,0.026339134,16.2,0.463680925,0.5326,0.007402133,0.18125,0.003766804,0.009306332,0.000511756,0.009161273,0,1.606333333,0.099803696,0.141,0.00781025,1,0,0.18796,0.008275361,0.0143,0.007985049,0.076080017,0.29624,0.017925306,1.203,0.025633962,1.485,0.020398529,2,0.320342105,0.006586364,0.0528,0.007248448,0.0562,0.002817801,0.0674,0.001208305,0.0324,0.004273172,
D_buzzatii,1.85,0.191317966,0.5,0.5,0.5,0,2,0.226455407,527.8,43.34904843,,,1.67916,0.023198224,5.6014,0.105243812,0.99,0.019121323,0.6775,0.0121192,0.915,0.021433035,1.07,0.010155048,0.7475,0.010752907,0.97,0.011592023,18.9,0.640312424,0.4375,0.002869531,0.1524,0.002987166,0.005363736,0.000207036,0.005320429,1,2.334333333,0.065983163,0.531333333,0.125081751,0,1,0.50876,0.032563486,0.03306,0.002391778,0.064981524,0.69906,0.015565558,1.8464,0.075433149,2.2338,0.053110639,4,0.422141026,0.006115813,0.1618,0.015711143,0.0338,0.002059126,0.0428,0.002956349,0.0148,0.001496663,
D_carrolli,13.93333333,0.613084836,21,21,21,0,13.9,0.835995747,2150.2,143.5860021,,,3.452343333,0.18525075,4.4228,0.120453476,1.142857143,0.014197257,0.895238095,0.010765603,1.095238095,0.007098628,1.250793651,0.011664237,0.93015873,0.013837774,1.168253968,0.017095761,8.1,0.430116263,0.64275,0.003987398,0.2286,0.002858413,0.017626025,0.000410821,0.017587057,0,5.191666667,0.035596504,0.155666667,0.00617342,1,0,0.46586,0.015723918,0.0045,0.000389872,0.009659554,0.62758,0.020588963,1.5378,0.022053118,1.6452,0.072787636,2,0.3598,0.009580298,0.205,0.019214578,0.0754,0.000979796,0.0674,0.003091925,0.058,0.002387467,
D_chauvacae,5.435897436,0.18292448,2,2,2,0,4.857142857,0.253701019,535,32.30325061,166.6666667,9.591663047,3.090794444,0.135785321,4.4434,0.010057833,0.8925,0.019202864,0.65,0.020155644,0.9275,0.049117207,0.93,0.011592023,0.6925,0.006373774,0.92,0.021139418,15.25,0.322748612,0.4709,0.006435878,0.16605,0.002393494,0.006852283,0.000264391,0.006798374,1,4.297333333,0.075344394,0.365,0.013,1,0,0.2275,0.015562744,0.00944,0.001630521,0.041494505,0.306,0.028204379,1.1938,0.052068609,1.4026,0.034296647,2,0.397857143,0.00797415,0.1855,0.004349329,0.05975,0.002719528,0.06625,0.001973787,,,non-melanized
D_curta,12.8,0.425471081,2,2,2,0,12.92307692,1.046738148,342.6,36.30509606,73.5,5.220153254,2.00176,0.016102348,3.229,0.096582089,0.9225,0.004677072,0.725,0.01045825,0.835,0.021433035,1.06,0.015,0.875,0.031124749,1.015,0.018708287,19.2,0.254950976,0.6121,0.018166177,0.21775,0.003194465,0.015484098,0.000903821,0.015196281,1,2.253333333,0.108585348,0.227666667,0.025405599,1,1,0.19324,0.008607357,0.00444,0.000721526,0.022976609,0.44806,0.026974147,1.2532,0.017118411,1.5826,0.0544441,2,0.31565,0.014251655,0.161,0.001048809,,,,,,,non-melanized
D_diplacantha,7.55,0.357967911,7,7,7,0,7.923076923,0.693019577,391.4,15.83856054,201,17.63519209,2.74106,0.10850879,3.206,0.065927991,1.095,0.016583124,0.7775,0.004677072,1.0525,0.019525624,1.1125,0.013110111,0.8425,0.014031215,1.11,0.02417385,11.7,0.339116499,0.5398,0.004752617,0.18305,0.001631072,0.009466558,0.000129669,0.009470458,1,3.011,0.025658007,0.336333333,0.025621172,1,0,0.35136,0.01729704,0.0134,0.000854985,0.038137523,0.58498,0.035175523,1.589,0.025851499,1.8098,0.022931201,2,0.405,0.008752744,0.1662,0.018497027,,,,,,,non-melanized
D_emarginata,41.225,0.895492631,21,21,21,0,38.41666667,1.437897947,46.8,3.056141358,,,10.6,0.72,39.868,0.25483269,0.99,0.004677072,0.7225,0.008291562,0.915,0.00728869,1.1325,0.008477912,0.805,0.010155048,1.0875,0.003952847,18.8,0.254950976,0.4649,0.004904295,0.1675,0.001379359,0.006849737,0.00016103,0.006829482,0,6.69175,0.135873333,0.15975,0.008003905,1,0,0.31278,0.010214127,0.0193,0.003219161,0.061704713,0.47066,0.016128255,1.4048,0.020611647,2.0194,0.026746215,2,0.4058,0.006731544,0.2606,0.031482694,0.1782,0.009997,0.179,0.005709641,0.1128,0.015580116,
D_eohydei,1.7,0.125064086,0.5,0.5,0.5,0,2,0.213200716,82,6.6633325,,,18.11,0.27,27.7018,0.513244133,1.22,0.02186607,0.835,0.025124689,1.07,0.022569338,1.0525,0.022150056,0.695,0.022569338,0.9075,0.017047727,20.2,0.122474487,0.49505,0.002982824,0.1857,0.01110384,0.009571366,0.00167238,0.008938641,0,19.54866667,1.097296729,0.224666667,0.02445631,0,0,0.39934,0.025158907,0.03374,0.002498319,0.084489408,0.50336,0.02565047,2.217,0.072047207,2.457,0.055702783,4,0.481202703,0.008622744,0.2718,0.017103801,,,,,,,non-melanized
D_equinoxialis,15.775,0.529256251,14,14,14,0,20.27272727,1.514120862,,,,,4.7,0.42,12.6012,0.061081421,0.78,0.005471217,0.615,0.00501642,0.706875,0.005769347,0.88125,0.011271908,0.7175,0.009221328,0.900625,0.006248355,11.875,0.314576435,0.4886,0.003268993,0.1686,0.001536229,0.007290478,0.000159413,0.007272224,0,1.570933333,0.0218208,0.376333333,0.011780398,1,0,0.128805,0.004178255,0.01201,0.000437691,0.093241722,0.135355,0.000568307,1.92135,0.030706015,2.40305,0.029833615,2,0.314583333,0.002391457,0.1934,0.009319871,0.1088,0.005678028,0.1122,0.00287054,0.0838,0.007767883,
D_ercepeae,13.74358974,0.539552907,1,1,1,0,13.69230769,0.795698495,410.8,9.366963222,180,11.83215957,2.854888889,0.186594166,7.5946,0.271605155,1.1425,0.012869538,0.7625,0.013110111,1.0675,0.006373774,1.155,0.012869538,0.8375,0.016298006,1.115,0.015512092,15.5,0.447213595,0.4903,0.005010043,0.17665,0.001363577,0.008014336,0.00013147,0.00801102,0,4.453333333,0.217251263,0.255666667,0.011200198,0,0,0.36758,0.010590439,0.0217,0.001791089,0.059034768,0.4955,0.02685513,1.7356,0.02444504,1.8588,0.064194548,2,0.24474359,0.00577347,0.142,0.014494827,0.1234,0.002315167,0.0892,0.000969536,0.1094,0.002441311,
D_erecta,18.73333333,0.488659267,100,35,,1,,,1697.8,20.05342863,246.8181818,20.76133565,1.15045,0.007974334,1.533285714,0.066732841,0.79,0.012747549,0.655,0.011592023,0.7775,0.018708287,1.0025,0.017410485,0.79,0.019921722,0.935,0.015512092,16.14285714,0.82168733,0.4962,0.002429642,0.16695,0.001360099,0.007255028,0.000137045,0.007241495,0,1.244333333,0.086891375,0.176666667,0.005238745,1,0,0.14586,0.008831285,0.00476,0.000868101,0.032634033,0.3944,0.028831302,1.0954,0.037215051,1.3772,0.040937025,2,0.36685,0.008651825,0.1642,0.010106434,0.0386,0.00261916,0.071,0.006156298,0.023,0.001760682,
D_falleni,8.275,0.286417975,100,35,,1,,,381,28.85134312,0,,10.98375,0.71925,14.2092,0.439732919,1.07,0.011592023,0.78,0.01457738,1.005,0.016105123,1.165,0.016955825,0.85,0.008838835,1.0875,0.014252193,15.7,0.583095189,0.4951,0.003398064,0.1857,0.002587521,0.008991307,0.000288789,0.008939544,0,12.18433333,0.265345896,0.169,0.017214335,1,1,0.36314,0.023932835,0.00732,0.001970634,0.020157515,0.6565,0.013034454,1.9268,0.131596505,2.5334,0.06532733,3,0.156105263,0.005196093,0.1526,0.012023311,0.1662,0.00406694,0.09864,0.00342485,0.144,0.002167948,
D_ficusphila,8.581395349,0.262521545,1,1,1,0,7.071428571,0.246287629,739.8,45.72023622,168.3333333,14.95363204,1.8,,2.515,0.042519015,1.0925,0.02186607,0.7425,0.015103807,1.015,0.017410485,1.1575,0.02755676,0.81,0.02806243,1.0325,0.02186607,8.928571429,0.368855557,0.50805,0.005500466,0.1803,0.001452946,0.008660966,0.000173376,0.008647619,0,2.828666667,0.104422752,0.267333333,0.046426764,1,0,0.3361,0.021546926,0.01472,0.000771622,0.043796489,0.25392,0.015706413,1.4634,0.056318381,1.7692,0.072663884,2,0.236342105,0.006713109,0.3478,0.008817029,0.0704,0.001630951,0.095,0.001516575,0.0594,0.0006,
D_formosana,41.275,2.152514183,100,35,,1,,,248.2,63.94872946,,,1.2558,0.044079791,2.382,0.067916125,1.3,0.022747477,0.8225,0.010752907,1.005,0.016583124,1.349206349,0.015873016,0.89,0.013346348,1.0375,0.015811388,24.5,0.40824829,0.48495,0.004564436,0.18525,0.001886064,0.008723668,0.000176768,0.008713889,0,1.348666667,0.076184717,0.155666667,0.024551533,1,0,0.52268,0.033913882,0.02434,0.004060862,0.04656769,0.67678,0.066302801,2.0168,0.059774075,2.4424,0.081522144,4,0.59665,0.012194237,0.1372,0.021756378,0.0848,0.003541186,0.1004,0.002874022,0.0648,0.004726521,
D_fulvimacula,1.414634146,0.077896192,7,7,7,0,2.230769231,0.257050483,361.4,57.86069478,193.5,6.873863542,6.344322222,0.294949588,14.2676,0.251257358,1.498412698,0.023328474,1.003174603,0.01538946,1.403174603,0.02045095,1.644,0.023151674,1.124,0.021354157,1.592,0.01356466,30.2,1.8,0.52135,0.004036853,0.17435,0.001609634,0.00831415,0.000169749,0.008297971,0,8.666666667,0.116712372,0.418333333,0.030278338,1,0,0.88156,0.109553314,0.02488,0.00571169,0.028222696,1.3006,0.124367251,2.8844,0.092090499,3.685,0.098283264,4,0.460586667,0.021166292,0.0314,0.000927362,0.0064,0.000244949,0.0058,0.0002,0.0034,0.000244949,
D_funebris,19.4,0.452627656,100,35,,1,,,261.4,46.28023336,0,,7.182166667,0.078833333,12.532,0.33604345,1.0375,0.006846532,0.75,0.01045825,1,0.013110111,1.257142857,0.026749682,0.888888889,0.016647759,1.180952381,0.028659476,28.9,0.796868873,0.5219,0.003910108,0.17785,0.001435041,0.008649477,0.000137517,0.00864358,0,10.63633333,0.083307329,0.214333333,0.007446103,1,1,0.49138,0.027422516,0.01308,0.001412586,0.02661891,1.03628,0.071094236,1.9612,0.045429506,2.6104,0.048133772,4,0.37435,0.006266266,0.1746,0.028617477,0.1796,0.005035871,0.1486,0.002158703,0.1574,0.007547185,
D_fuyamai,9.425,0.198995877,7,7,7,0,9.538461538,0.215293021,553.6,35.66875383,,,3.174354167,0.132899295,3.8016,0.149382261,1.01,0.019525624,0.7225,0.0225,0.955,0.025495098,1.19,0.027782638,0.835,0.016955825,1.185,0.02417385,9.3,0.2,0.503947368,0.005585839,0.160473684,0.001567895,0.006811758,0.00016316,0.006795031,0,3.318,0.18109758,0.133666667,0.010974718,1,0,0.31648,0.014939458,0.0065,0.000982344,0.020538423,0.54926,0.015098596,1.4312,0.053641775,1.934,0.048071821,2,0.249973684,0.006121632,0.1566,0.018882796,0.079,0.001949359,0.0724,0.0016,0.064,0.002588436,
D_gaucha,46.75,1.036358269,7,7,7,0,30.30769231,2.741851834,,,358.5,12.33896268,3.90001,0.107343924,8.814,0.269737465,1.142857143,0.010038977,0.885714286,0.020327379,1.088888889,0.015552316,1.222222222,0.020695881,0.93015873,0.019179438,1.177777778,0.005939139,18.2,0.339116499,0.42555,0.002911389,0.1598,0.001435637,0.005698428,0.000110401,0.005689876,0,5.689,0.06389314,0.223,0.018147543,1,0,0.44938,0.018934661,0.01564,0.001557113,0.034803507,0.66508,0.012807982,2.0842,0.02590637,2.2042,0.044178502,4,0.33425,0.006650237,0.2956,0.011395613,0.1486,0.00498598,0.1294,0.003695944,0.0948,0.007371567,
D_greeni,16.15789474,0.593380167,7,7,7,0,12.75,0.901387819,813,71.1189145,438.2,80.5586122,4.4958125,0.085038556,5.7242,0.182296846,0.935,0.024811792,0.6875,0.02236068,0.8,0.020155644,0.9675,0.012869538,0.735,0.012747549,0.9,0.013110111,14.1,0.291547595,0.48245,0.003930632,0.16915,0.001904669,0.007239534,0.000161402,0.007227614,1,5.2165,0.0765,0.222666667,0.023729962,1,0,0.2356,0.010866186,0.01206,0.001206068,0.051188455,0.35784,0.008118473,1.3846,0.025558951,1.6328,0.019342699,2,0.315875,0.006972491,0.1728,0.014857321,,,,,,,non-melanized
D_guanche,6.825,0.272423831,7,7,7,0,5.1,0.504424865,,,,,0.27818187,0.003172875,0.433,0.030346334,1.0025,0.010752907,0.635,0.009185587,0.9275,0.004677072,1.035,0.009185587,0.655,0.006373774,0.9775,0.008291562,12.7,0.339116499,0.5202,0.002955459,0.17525,0.001303588,0.008371361,0.000125245,0.008365367,0,0.598666667,0.037772712,0.090333333,0.005174725,1,0,0.24014,0.01419502,0.00542,0.000383927,0.022570167,0.3139,0.024653195,1.4568,0.039115726,1.7274,0.033583627,2,0.208925,0.0062685,0.1248,0.005986652,0.0516,0.001691153,0.0586,0.002204541,0.0168,0.002267157,
D_gunungcola,50.525,3.665848539,21,21,21,0,40.76923077,2.509351347,1611.2,75.14146658,,,1.93672,0.08625146,2.7348,0.348162232,0.8425,0.008477912,0.5975,0.008291562,0.78,0.010155048,0.91,0.01,0.67,0.006373774,0.875,0.01118034,9.1,0.187082869,0.56525,0.00647297,0.1853,0.001831163,0.01019633,0.000258009,0.010162254,0,2.159,0.01123981,0.152,0.010016653,1,0,0.24844,0.011763103,0.00368,0.000346987,0.01481243,0.33996,0.011693699,1.3254,0.032435474,1.529,0.026643949,2,0.074478261,0.004948697,0.1512,0.015441503,0.0754,0.004975942,0.0616,0.002181742,0.0506,0.0027313,
D_hematofila,11.125,0.41477133,7,7,7,0,10.63636364,0.956059405,,,121.5,9.069178574,4.46148,0.054850595,5.9608,0.497968513,1.06,0.0025,0.7075,0.011592023,0.9525,0.015,1.13,0.015103807,0.7825,0.009354143,1.075,0.014790199,20.7,1.019803903,0.4096,0.003004733,0.153,0.00123331,0.005029209,9.66E-05,0.005020436,1,4.751666667,0.087363862,0.483666667,0.038601957,1,1,0.46966,0.017383803,0.02492,0.002363557,0.05305966,0.67806,0.076999277,2.006,0.021243823,2.3888,0.064253716,4,0.443418919,0.0080953,0.2476,0.017013524,0.0372,0.001655295,0.038,0.002097618,0.0254,0.002135416,
D_hydei,1.975,0.066866687,0.5,0.5,0.5,0,1.909090909,0.250619068,89.6,4.935585072,111.8181818,8.90027393,23.32,0.51,46.3006,0.617240358,1.247619048,0.008093682,0.844444444,0.010528968,1.161904762,0.010528968,1.434920635,0.008093682,0.9725,0.008291562,1.311111111,0.013837774,50.4,0.886002257,0.5017,0.002067416,0.1626,0.001444408,0.006955738,0.000125613,0.006945185,0,29.475,0.752017952,0.319666667,0.004702245,1,0,0.70008,0.031487575,0.06278,0.003258128,0.089675466,0.6755,0.083841696,2.608,0.035338364,3.1516,0.122853002,4,0.49395,0.007273058,0.329,,,,,,,,
D_hypocausta,16.15384615,0.968838684,14,14,14,0,12.71428571,1.16933611,448.6,108.2278153,370,36.05551275,3.926833333,0.125166667,7.1516,0.186509946,1.450793651,0.024895853,0.91,0.008291562,1.0975,0.010752907,1.485714286,0.022782064,0.9775,0.031721444,1.025,0.016298006,32,0.758287544,0.5067,0.003755067,0.17385,0.00194973,0.00804556,0.000209123,0.008018607,0,5.715333333,0.080086065,0.39,0.008962886,1,1,1.06934,0.05993819,0.03992,0.000965609,0.037331438,1.6391,0.106510859,2.3544,0.124773635,2.7562,0.062491919,4,0.65695,0.007719767,0.1218,0.004630335,0.153,0.001760682,0.1294,0.004822862,0.1298,0.004223742,
D_immigrans,33.575,2.035860399,100,35,,1,27,2.939873661,721.8,41.39130343,268.56,50.16107654,1.69496,0.02934794,3.781,0.050005,1.374484127,0.036169258,0.92,0.006373774,0.9675,0.02755676,1.476190476,0.010038977,1.0275,0.024811792,1.07,0.020386883,25.7,1.419506957,0.48495,0.005378062,0.1611,0.001647806,0.006618736,0.000184086,0.006590019,0,2.617,0.109585583,0.26,0.012503333,1,1,0.47014,0.038359974,0.02474,0.003307204,0.052622623,0.89254,0.06042831,2.39,0.162290172,3.0822,0.082258981,4,0.450333333,0.00894746,0.0926,0.005005996,0.1144,0.004081666,0.1276,0.001122497,0.0974,0.004032369,
D_insularis,22.4,1.474222959,14,14,14,0,18.54545455,0.918136813,,,447,9.433981132,5.96,0.39,7.1312,0.271222123,0.87375,0.005201531,0.706875,0.006115325,0.838125,0.00669317,0.911875,0.004202423,0.65875,0.005670503,0.815625,0.006274623,15,0.353553391,0.4723,0.005274118,0.16475,0.00250355,0.006738451,0.000212211,0.006712239,0,1.998333333,0.151805065,0.206,0.015373137,1,0,0.310495,0.003606905,0.031005,0.001303487,0.09985668,0.29217,0.004831547,0.977894737,0.0175644,1.264,0.016164939,2,0.23235,0.006342121,0.1876,0.031786161,,,,,,,non-melanized
D_jambulina,6.5,0.254971706,0.5,0.5,0.5,0,6.166666667,0.894709478,652.4,56.73323541,160,22.47220505,2.062291667,0.019399089,2.7942,0.075084219,0.9175,0.022569338,0.6425,0.0075,0.8,0.01045825,1.0225,0.019121323,0.745,0.006373774,0.9625,0.025617377,15.6,0.509901951,0.4315,0.004242951,0.1628,0.001648923,0.005994685,0.000122462,0.005988089,1,2.789,0.04327817,0.307666667,0.079398433,1,0,0.17582,0.001675828,0.007,0.001128273,0.039813446,0.37116,0.005960587,1.3174,0.011311941,1.7118,0.013443958,2,0.3005,0.014533677,0.1874,0.016225289,,,,,,,non-melanized
D_kanapiae,68.76744186,2.080558429,1,1,1,0,74.93333333,2.10094461,507.8,27.16689161,140,21.65063509,2.37288,0.128547292,3.5046,0.047900522,0.7625,0.00559017,0.61,0.012747549,0.6025,0.017410485,0.8875,0.0125,0.6725,0.021433035,0.8725,0.016488632,12.08333333,0.271313677,0.4449,0.0043121,0.15865,0.00191569,0.005886551,0.000170607,0.005863287,1,2.937333333,0.046426764,0.088666667,0.008838049,0,0,0.14372,0.002527331,0.00664,0.000901443,0.046200946,0.23362,0.006055609,0.8726,0.016311346,1.0858,0.030396381,2,0.375777778,0.006074997,0.1805,0.028926631,,,,,,,non-melanized
D_kanekoi,1.804878049,0.116971501,1,1,1,0,2.076923077,0.264612403,48,9.192388155,303.75,38.63462085,24.29,0.18,35.29943185,0.401739971,1.604,0.017204651,1.044,0.013266499,1.412,0.004898979,1.608,0.010198039,1.172,0.010198039,1.452,0.019595918,20.8,0.40620192,0.52655,0.004680011,0.171,0.00109304,0.008074239,0.000142439,0.008061771,0,29.75233333,0.56613318,0.360333333,0.015857,1,0,1.33026,0.077712995,0.10992,0.004144442,0.082630463,1.32924,0.038378244,3.5328,0.034286149,3.6394,0.028320664,4,0.441375,0.008726153,0.141,0.013367872,0.203,0.003271085,0.1772,0.002289105,0.1704,0.002379075,
D_kepulauna,30.9,0.679177481,28,28,28,0,30.53846154,0.561766726,526.8,25.48999804,,,3.649583333,0.228284834,7.9468,0.192726334,1.234920635,0.016187364,0.917460317,0.020937946,1.161904762,0.016187364,1.333333333,0.020695881,1.012698413,0.01538946,1.333333333,0.014197257,13.9,0.4,0.6691,0.00415103,0.2293,0.001638517,0.018429412,0.000255119,0.018420345,0,4.691333333,0.172497665,0.252,0.004041452,1,1,0.35574,0.022333576,0.01244,0.000780128,0.03496936,0.51958,0.014973991,1.5148,0.030102159,2.0966,0.028258804,2,0.331825,0.008332119,0.1058,0.003072458,0.1366,0.004273172,0.1172,0.001984943,0.1002,0.014433988,
D_kikkawai,3.948717949,0.142034181,4,4,4,0,3.142857143,0.142857143,844.8,39.6754332,333.3333333,37.3143553,2.87,,3.756571429,0.107831627,0.9625,0.028777161,0.82,0.01457738,0.945,0.021505813,1.1525,0.00728869,0.8125,0.019764235,1.1175,0.012869538,17.78571429,0.324718612,0.47515,0.004743014,0.16165,0.001703364,0.006523222,0.000172547,0.006501009,0,3.542333333,0.064219243,0.163,0.00321455,1,0,0.40926,0.019303953,0.01106,0.001761988,0.027024385,0.51764,0.017983231,1.3612,0.027253257,1.963,0.028804514,2,0.436214286,0.006821249,0.1856,0.007300228,0.0585,0.002600214,0.0587,0.002338328,,,
D_lacicola,3.051282051,0.168139449,2,2,2,0,2.857142857,0.274505407,507.8,47.45460989,,,2.52,0,3.8915,0.037466652,1.265674603,0.045844069,0.8175,0.010155048,1.13,0.030259296,1.339087302,0.040273868,0.8675,0.012247449,1.23,0.006373774,14.7,0.339116499,0.5546,0.003150104,0.1744,0.001765756,0.008854182,0.000198917,0.008832252,0,3.880333333,0.132013046,0.123333333,0.009955456,0,0,0.5725,0.026177414,0.038,0.003344398,0.066375546,0.94736,0.016385195,2.6636,0.09690129,2.6206,0.133745878,4,0.393759259,0.009863745,0.136,0.003701351,0.1034,0.002088061,0.0944,0.001964688,0.078,0.003098387,
D_lacteicornis,20.975,0.752336105,2,2,2,0,25.42857143,2.293599038,272.2,33.88126326,245.625,43.54223627,5.1955,,6.6468,0.140245998,0.9325,0.021505813,0.68,0.009354143,0.7875,0.006846532,1.035,0.010752907,0.7825,0.012869538,0.95,0.018540496,9.7,0.514781507,0.49945,0.005150613,0.18525,0.003065835,0.009049352,0.000354572,0.008974434,1,6.299666667,0.22938638,0.225333333,0.002603417,0,0,0.23438,0.014594979,0.00428,0.000905759,0.018260944,0.3004,0.014311953,1.0676,0.03855723,1.342,0.067607692,2,0.4105,0.018861631,0.1668,0.013384319,,,,,,,non-melanized
D_leonis,1.95,0.079662751,3,3,3,0,2.692307692,0.286101456,723,18.84144368,,,2.240625,0.058734351,5.2728,0.14796601,1.1875,0.017230061,0.7475,0.012747549,1.0725,0.015512092,1.185,0.016488632,0.7475,0.012747549,1.0725,0.015512092,19.7,0.7,0.46815,0.003667263,0.1569,0.001575971,0.00605199,0.00014289,0.006034337,1,2.822666667,0.080792601,0.332333333,0.020275875,1,0,0.46646,0.008932335,0.0178,0.001571305,0.038159756,0.64312,0.027348444,2.5516,0.089925302,2.9888,0.091778756,4,0.4245875,0.00664723,0.1668,0.004397727,0.0304,0.0026,0.0228,0.001881489,0.0148,0.001827567,
D_littoralis,5.2,0.218385686,1,1,1,0,5.307692308,0.286101456,278.8333333,10.19613216,335,10.89724736,7.72,0.08,10.9008,1.198106523,1.371428571,0.01634227,0.8725,0.00728869,1.1225,0.018285924,1.403174603,0.014720029,0.885,0.010752907,1.19,0.012747549,20.6,0.1,0.5074,0.003927903,0.17875,0.001873464,0.008499563,0.000174948,0.0084887,0,8.059666667,0.084798454,0.477,0.03592121,1,0,0.46322,0.032895614,0.0197,0.002909983,0.042528388,0.52004,0.021373596,2.9854,0.07686976,2.9714,0.029817109,4,0.6398,0.010590465,0.1746,0.015141334,0.128,0.002024846,0.1198,0.001157584,0.1036,0.001860108,
D_lummei,2.375,0.099276227,7,7,7,0,2,0.160128154,572.4,49.07810102,414.5454545,22.63800651,7.79,0.02,11.119,0.422927772,1.313015873,0.032601181,0.945,0.022569338,1.183968254,0.023216609,1.1075,0.010155048,0.7825,0.011592023,0.975,0.020539596,18.7,0.374165739,0.54525,0.004632764,0.1805,0.001889723,0.009337138,0.000248188,0.009301408,0,8.341333333,0.135553597,0.355666667,0.008987646,1,0,0.6934,0.019666088,0.04344,0.004389829,0.062647822,0.83244,0.037645579,2.9256,0.046249973,2.8756,0.050572324,4,0.382740741,0.007216585,0.1818,0.013313151,0.1206,0.002111871,0.1008,0.002083267,0.1044,0.002638181,
D_lutescens,37.55,0.727614649,4,4,4,0,37.75,1.094926315,338.6,29.31313699,,,1.2739,0.043933321,2.4236,0.088761816,1.0625,0.020916501,0.7725,0.008291562,0.93,0.008477912,0.9075,0.013462912,0.6875,0.01045825,0.83,0.02,10.6,0.187082869,0.59015,0.003430724,0.19975,0.001899965,0.012339804,0.000214073,0.012329192,0,1.753666667,0.024168391,0.168333333,0.009386752,1,0,0.3199,0.011710209,0.00728,0.001685645,0.022757112,0.30384,0.007128296,1.7058,0.02320431,2.283,0.060260269,2,0.624214286,0.012232715,0.1842,0.004532108,0.0602,0.001881489,0.072,0.002236068,0.0442,0.002745906,
D_macrospina,27.05128205,0.745611287,14,14,14,0,24.53846154,0.99753147,686.4,72.71698564,322.5,4.90990253,6.943541667,0.248533191,13.1786,0.415311401,1.05,0.014252193,0.7875,0.006846532,1.065,0.021794495,1.206349206,0.017388018,0.882539683,0.014720029,1.098412698,0.009255479,19,0.223606798,0.4342,0.002204779,0.16595,0.004947873,0.006365807,0.000466503,0.006260989,0,8.971333333,0.113679862,0.172666667,0.007838651,1,1,0.4358,0.023384888,0.01742,0.001060849,0.039972464,0.84002,0.019401685,1.8748,0.038296736,2.4398,0.031639216,4,0.2585,0.004811445,0.171,0.014251316,0.15,0.004626013,0.1396,0.008028699,0.0964,0.013455854,
D_malagassya,4.25,0.163102925,2,2,2,0,4.642857143,0.248227626,242,19.83683442,273.1384615,7.367022312,3.87445,0.062828922,5.53028,0.254204442,0.8825,0.011592023,0.68,0.010155048,0.84,0.013346348,0.9125,0.006846532,0.6675,0.009354143,0.825,0.008838835,15,0.353553391,0.6145,0.002704285,0.20045,0.001666189,0.012938525,0.000203106,0.012928038,1,5.056666667,0.146597332,0.273666667,0.034109301,1,0,0.20564,0.014661876,0.01284,0.001463079,0.062439214,0.28142,0.034067483,1.195,0.030384206,1.3454,0.013166624,2,0.349925,0.007242449,0.1596,0.013807969,,,,,,,non-melanized
D_malerkotliana,13.55555556,0.268577808,14,14,14,0,9,0.674199862,1358.8,35.8558224,212.1428571,14.79451084,1.7807,0.090044517,2.45,0.096372714,0.835,0.01,0.65,0.01118034,0.7675,0.03127499,0.965,0.0121192,0.7925,0.012247449,0.94,0.0121192,19,0.547722558,0.4333,0.004032826,0.15655,0.001995356,0.005583748,0.000167304,0.005560239,0,2.496,0.055868894,0.141333333,0.004702245,1,0,0.1595,0.007680039,0.00304,0.001108873,0.019059561,0.23102,0.015668165,1.1186,0.047826353,1.2672,0.017636326,2,0.28775,0.005762344,0.1585,0.012182638,0.07725,0.005006246,0.05575,0.00275,0.06525,0.001108678,
D_mauritiana,15.8,0.24,4,4,4,0,23.7,0.69,,,,,0.98,,1.172714286,0.027025309,0.91,0.008291562,0.685,0.013346348,0.8825,0.017047727,0.95,0.018957189,0.725,0.020155644,0.8975,0.011456439,12.8,0.681909085,0.5205,0.004522168,0.17795,0.001312841,0.008636922,0.0001424,0.00863009,0,1.385,0.056083271,0.103,0.004358899,1,0,0.20966,0.012655299,0.00314,0.000246171,0.014976629,0.29332,0.010822264,1.1602,0.015353827,1.2816,0.091693293,2,0.463380952,0.013582986,0.193142857,0.007045527,0.039428571,0.001616244,0.067714286,0.001016865,0.025833333,0.001777951,
D_mayaguana,7.05,0.25557878,7,7,7,0,8.153846154,0.939490818,1415.8,42.64317061,283.3333333,17.40051085,1.80104,0.028387279,2.9624,0.110498235,0.9875,0.01118034,0.755,0.010155048,0.89,0.01,1.06,0.0121192,0.82,0.012869538,0.985,0.018708287,20,0.612372436,0.45835,0.004554509,0.1524,0.001184105,0.005575972,8.99E-05,0.005573985,1,2.395666667,0.040043032,0.317666667,0.034915772,1,0,0.39084,0.012810332,0.01036,0.000567979,0.026507011,0.56652,0.015126976,1.3498,0.051059181,1.3836,0.004975942,4,0.593214286,0.017786657,0.1966,0.011124747,0.0376,0.002541653,0.0362,0.00168523,,,non-melanized
D_melanica,5.585365854,0.203552623,14,14,14,0,5.153846154,0.372898451,925.2,33.30975833,423,23.85372088,4.93,0.09,8.3576,0.230048821,1.1375,0.01045825,0.74,0.008291562,1.015,0.023184046,1.273015873,0.010528968,0.86031746,0.007776158,1.203174603,0.012698413,17,0.387298335,0.5266,0.003646484,0.1735,0.001747931,0.008326778,0.000204982,0.008300007,0,5.762666667,0.224311044,0.614333333,0.038515509,1,0,0.3497,0.016605993,0.01692,0.001254352,0.048384329,0.50804,0.013862777,2.493,0.053749419,1.8792,0.053879866,2,0.338525,0.007708635,0.2066,0.010240117,0.071,0.003082207,0.0772,0.002672078,0.0504,0.004130375,
D_melanogaster,28.1,0.81,3,3,3,0,24.51,0.33,,,,,1.85,0.01,2.412909091,0.101984442,0.9575,0.006373774,0.69,0.010752907,0.87,0.005,0.975,0.011858541,0.78,0.011592023,0.91,0.018708287,18.85714286,1.538065752,0.5092,0.004708671,0.1867,0.00259057,0.009320182,0.00026061,0.009293422,0,2.333,0.078589652,0.212,0.0140119,1,0,0.19064,0.007107855,0.00968,0.000996193,0.050776332,0.38584,0.023582209,1.4818,0.027256926,1.7588,0.029983996,2,0.330928571,0.010487284,0.2082,0.004726521,0.0478,0.001624808,0.0854,0.0036,0.0358,0.00174356,
D_mercatorum,2.87804878,0.160772229,2,2,2,0,1.769230769,0.166172838,959.4,51.95247829,195,14.83239697,1.07896,0.009495767,3.4032,0.169817667,1.1825,0.014031215,0.77,0.010155048,0.99,0.012747549,1.501587302,0.017817416,0.977777778,0.012895299,1.257142857,0.016187364,25.2,0.663324958,0.44545,0.003688157,0.1549,0.001475948,0.005607296,0.000118174,0.005596293,1,2.807333333,0.04684134,0.648,0.063955714,1,1,0.55226,0.010260926,0.03336,0.000725672,0.06040633,0.7709,0.054422137,2.292,0.133571704,2.7506,0.0995528,4,0.353363636,0.006138438,0.2102,0.009956907,,,,,,,non-melanized
D_meridiana,2.225,0.075849885,1,1,1,0,1.769230769,0.121626064,764.4,50.87494472,115.5,4.5,1.79,0.196366321,3.3616,0.120762411,1.04,0.009185587,0.7425,0.006373774,0.9625,0.014252193,1.145,0.011592023,0.7975,0.0121192,1.1075,0.0075,20.4,0.244948974,0.43335,0.004395138,0.15135,0.001034344,0.005204754,9.52E-05,0.005197593,0,2.481,0.038591882,0.345666667,0.038855859,1,0,0.43668,0.026405821,0.01896,0.000959479,0.043418522,0.60454,0.016431938,1.7784,0.01836464,2.2386,0.05599875,4,0.387077922,0.004853414,0.1512,0.003261901,0.0762,0.002922328,0.0634,0.000927362,0.0614,0.002039608,
D_meridionalis,1.875,0.102453867,14,14,14,0,1.692307692,0.133234678,1051.6,26.31083427,253.5,14.04457191,1.5566125,0.008087964,2.6586,0.041201456,1.125,0.008838835,0.7525,0.008291562,1.05,0.014252193,1.1775,0.009185587,0.8,0.008838835,1.12,0.0075,23.6,0.556776436,0.43705,0.002601088,0.1514,0.001141098,0.005254806,9.67E-05,0.005245435,0,2.9495,0.1075,0.369666667,0.025247662,1,1,0.31106,0.016650093,0.00948,0.001709503,0.030476435,0.43884,0.031350289,2.0372,0.043893507,2.5768,0.034501304,4,0.374853333,0.006121641,0.1484,0.002357965,0.0668,0.001067708,0.0638,0.001854724,0.0508,0.003246537,
D_merina,6.775,0.236121166,2,2,2,0,6.230769231,0.257050483,675,39.02435137,88.5,5.220153254,5.033555556,0.079623264,8.1332,0.115919972,1.1125,0.0125,0.8325,0.009354143,1.0575,0.0175,1.208134921,0.012771676,0.906706349,0.013126826,1.150039683,0.014022374,13.7,0.681909085,0.4827,0.003562303,0.1757,0.001443862,0.007813647,0.000144722,0.007802242,0,5.691666667,0.075410727,0.459666667,0.025181563,0,0,0.37944,0.009496136,0.01864,0.000646993,0.049125026,0.50724,0.011038777,1.6962,0.014277255,1.924,0.020671236,2,0.339794872,0.005992143,0.1328,0.00406694,0.1146,0.001363818,0.0768,0.00235372,0.0952,0.005033885,
D_mettleri,8.837209302,0.232779518,1,1,1,0,6.769230769,0.410656856,553.4,109.5338304,90.96,3.810721716,2.79,0.01,6.0818,0.206377421,1.1575,0.010897247,0.745,0.006373774,1.08,0.014031215,1.228571429,0.012895299,0.819047619,0.008093682,1.174603175,0.011223917,19.6,0.659545298,0.43385,0.003556517,0.15135,0.001926648,0.005215717,0.000134266,0.00520359,1,3.822,0.096821141,0.424666667,0.037315472,1,0,0.48226,0.010584923,0.02134,0.001878191,0.04424999,0.81372,0.05093401,2.1706,0.049409108,2.5102,0.027277097,4,0.606828947,0.006397104,0.394333333,0.019341952,,,,,,,non-melanized
D_micromelanica,7.76,1,100,35,,1,,,996.2,11.54729406,0,,1.41,0.01,2.2592,0.048169908,0.98,0.006373774,0.695,0.0075,0.9475,0.004677072,1.1725,0.00728869,0.7825,0.006373774,1.0925,0.008477912,13.3,0.717635005,0.52205,0.006005031,0.1856,0.004224241,0.009497427,0.000450189,0.009416005,1,1.631333333,0.028823216,0.256,0.011,1,0,0.2795,0.009444152,0.00352,0.000539815,0.012593918,0.4342,0.007598684,1.512,0.039092199,2.002,0.041124202,2,0.452925,0.008229589,0.131,0.007549834,0.0266,0.00116619,0.0272,0.000663325,0.0132,0.001392839,
D_mojavensis,2.925,0.161671953,7,7,7,0,3.545454545,0.207304623,1598.8,53.88265027,427.5,9.287087811,1.9,0.04,4.8226,0.103280976,0.915,0.019921722,0.7,0.01045825,0.925,0.01045825,0.9775,0.010752907,0.705,0.010155048,0.9575,0.011592023,17.7,0.2,0.4439,0.002939656,0.15735,0.002262131,0.005775996,0.000168327,0.005754628,0,2.743666667,0.042191363,0.4156,0.068882944,1,1,0.22264,0.01483181,0.01476,0.001362938,0.066295365,0.36158,0.02633113,1.1898,0.038514153,1.6056,0.031686906,4,0.528052632,0.007878572,0.235,0.00795613,0.0444,0.001363818,0.0456,0.0014,0.0306,0.000509902,
D_monieri,8.125,0.196728043,1,1,1,0,6.545454545,0.340150672,912.8,28.54014716,392.1428571,31.12679796,2.121068043,0.011323155,3.81775,0.362408006,1.0775,0.020310096,0.73,0.011592023,0.86,0.017410485,1.1425,0.006373774,0.8075,0.006373774,1.0725,0.0121192,10.4,0.484767986,0.59,0.006608209,0.2114,0.001865758,0.013833644,0.000297442,0.013805769,0,2.375,0.087797115,0.133,0.008082904,1,0,0.35466,0.039559709,0.01358,0.002549,0.038290193,0.48776,0.040376461,1.4606,0.103676709,1.7246,0.039487466,2,0.41745,0.009684375,0.1104,0.017054618,0.1036,0.002657066,0.0602,0.0012,0.0902,0.004328972,
D_montana,2.825,0.128539628,1,1,1,0,2.888888889,0.196187334,1069.8,34.93336514,,,3.34,0.02,5.1412,0.292304875,1.29,0.028140041,0.82,0.006373774,1.0775,0.008291562,1.314047619,0.03491378,0.8325,0.006373774,1.15,0.011858541,13.2,0.339116499,0.61495,0.005945133,0.194735,0.002359017,0.012238093,0.000309309,0.012210303,0,5.073,0.098475039,0.360666667,0.041337365,1,0,0.73772,0.022080113,0.07074,0.002374574,0.09589004,0.83126,0.025691995,3.1964,0.087825737,3.155,0.07812106,4,0.384122449,0.016721016,0.1204,0.002315167,0.0954,0.00116619,0.1066,0.002227106,0.0744,0.00087178,
D_mulleri,1.475,0.087614394,3,3,3,0,1.384615385,0.140441681,975.8333333,85.49948018,47.30769231,4.757429568,2.207472222,0.003537607,5.4754,0.142802171,0.875,0.01677051,0.635,0.009185587,0.85,0.008838835,0.895,0.013462912,0.675,0.01118034,0.895,0.010155048,13.4,0.291547595,0.44745,0.002619236,0.17315,0.001238154,0.007027151,9.50E-05,0.007024059,1,2.945,0.077500538,0.201666667,0.011609383,1,1,0.18528,0.021878652,0.00844,0.001352257,0.045552677,0.23066,0.010551332,1.3244,0.030691367,1.4214,0.030457511,4,0.580630137,0.008454091,0.20086,0.047648605,0.0474,0.0026,0.0388,0.002177154,0.0308,0.003307567,
D_nasuta,22.54166667,0.78265683,21,21,21,0,19.22222222,1.942062033,528,30.44010512,230,34.35112807,3.638633333,0.096858053,6.557,0.148626041,1.241269841,0.011664237,0.993650794,0.011878277,1.215873016,0.012895299,1.311190476,0.034552624,0.8325,0.012869538,0.995,0.016583124,21.5,0.540061725,0.54085,0.005908636,0.19855,0.004262736,0.011270614,0.000515075,0.011163882,0,4.183333333,0.058692229,0.283333333,0.019099156,0,1,0.4892,0.034630767,0.01708,0.003288373,0.034914146,0.57484,0.067249934,1.9274,0.040549476,2.0212,0.117249051,4,0.513675,0.009451251,0.106,0.008286535,0.127,0.00212132,0.12375,0.00425,0.06,0.003109126,
D_nebulosa,2.225,0.075849885,21,21,21,0,2.083333333,0.228908257,,,,,6.05,0.42,11.4526,0.311658242,0.888157895,0.006081327,0.696710526,0.007756465,0.886842105,0.01018262,0.958552632,0.006962503,0.763815789,0.008048574,0.942105263,0.008667137,9.875,0.314576435,0.49695,0.003558884,0.1758,0.001789737,0.008071145,0.000204951,0.008041722,0,2.024,0.016643317,0.255666667,0.016475571,0,0,0.18811,0.004161388,0.01172,0.000449362,0.062303971,0.271115789,0.004098119,2.147736842,0.024820507,2.546315789,0.025865266,2,0.337583333,0.006059626,0.1915,0.017783419,0.13525,0.001796988,0.1075,0.003968627,0.081,0.023140873,
D_neonasuta,20.31707317,0.490692672,14,14,14,0,22.84615385,1.694055042,,,409.0909091,15.1480299,4.549083333,0.209292774,8.8732,0.087332926,1.266666667,0.010528968,0.914285714,0.010765603,1.038095238,0.014720029,1.396825397,0.025097442,1.00952381,0.008093682,1.184126984,0.024895853,16.8,0.463680925,0.5127,0.00390081,0.17545,0.002681786,0.008295144,0.000233476,0.008263589,0,5.071333333,0.140391516,0.296,0.031628047,1,1,0.57778,0.025378069,0.01752,0.001710672,0.03032296,0.96226,0.104879782,1.8862,0.028839903,2.4588,0.132254074,4,0.6368,0.010860255,0.1266,0.016860012,0.133,0.003701351,0.1254,0.002501999,0.0534,0.002891366,
D_nigricruria,6.756097561,0.177312208,3,3,3,0,6.833333333,0.207193854,867.8,30.15526488,,,2.254222222,0.047796379,3.935,0.140799503,0.9575,0.006373774,0.6375,0.006846532,0.9,0.01045825,1.0175,0.017940875,0.7125,0.008838835,0.97,0.009354143,27.8,0.339116499,0.44695,0.003435477,0.1686,0.002540617,0.006674858,0.000193966,0.006652313,1,2.678333333,0.074117774,0.124333333,0.002027588,0,1,0.3531,0.005119375,0.00708,0.001167647,0.020050977,0.406,0.020042779,2.3378,0.031596519,2.5466,0.099354215,4,0.2749125,0.006007332,0.1506,0.0081523,0.058,0.006587868,9.0418,8.989555297,0.0308,0.002853069,
D_nigrohydei,2.675,0.14494694,0.5,0.5,0.5,0,1.4,0.163299316,43.4,5.418486874,79.5,11.41271221,15,0.02,36.1782,2.138618161,1.314285714,0.013654485,1.063492063,0.007098628,1.149206349,0.010765603,1.452,0.018547237,1.004,0.017204651,1.24,0.008944272,20.875,0.239356777,0.47095,0.002986351,0.16145,0.001344531,0.006438997,0.0001255,0.00642761,0,17.87666667,0.390312837,0.141666667,0.005487359,0,0,0.60536,0.039724446,0.05064,0.000717356,0.083652703,0.55328,0.005153969,3.3896,0.061473246,3.5318,0.0618,4,0.46895,0.010184827,0.3636,0.012812494,0.1756,0.004377214,0.1414,0.048923001,0.1504,0.003668787,
D_nikananu,13.40425532,0.355555323,4,4,4,0,5.769230769,0.230769231,2048.6,125.4227252,,,0.84802,0.005577849,1.0252,0.018136703,0.725,0.008838835,0.63,0.011592023,0.755,0.010897247,0.87,0.012869538,0.6775,0.00728869,0.87,0.008477912,8.4,0.367423461,0.67295,0.006223671,0.2447,0.002973656,0.021183632,0.00060848,0.021098392,1,1.095666667,0.012128937,0.124,0.006658328,1,0,0.15802,0.014083941,0.00482,0.000713723,0.030502468,0.21904,0.012658302,0.9914,0.021960419,1.3938,0.037789417,2,0.354325,0.007999951,0.128,0.006542171,,,,,,,non-melanized
D_novamexicana,2.290322581,0.13274236,1,1,1,0,2.153846154,0.273771237,537.4,55.46854965,196.1538462,13.20637286,6.72,0.15,9.5382,0.186664244,1.308373016,0.035076896,0.885,0.014469796,1.1675,0.015612495,1.308373016,0.035076896,0.885,0.014469796,1.1675,0.015612495,14,0.273861279,0.6154,0.005510946,0.17895,0.001755405,0.010358614,0.000263291,0.01031857,0,6.914333333,0.076544831,0.239666667,0.01728519,1,0,0.60488,0.015074396,0.03598,0.00411575,0.059482873,0.81836,0.030257323,2.5296,0.054178963,2.654,0.053279139,4,0.326545455,0.009592113,0.1334,0.002420744,0.1098,0.001655295,0.1028,0.001984943,0.0832,0.001772005,
D_pallidifrons,24.075,0.734137816,21,21,21,0,16.8,0.928559218,1008.6,53.50289712,231.6666667,12.01850425,1.442022222,0.029372331,4.40225,0.136324597,1.0175,0.0075,0.7,0.008838835,0.9825,0.011592023,1.125,0.016298006,0.7775,0.009185587,1.0925,0.009354143,15.4,0.187082869,0.50805,0.003367394,0.16895,0.00200588,0.00760953,0.000174035,0.007593141,0,2.326666667,0.041074458,0.109666667,0.021058121,1,0,0.26144,0.010819039,0.00294,0.000229347,0.01124541,0.32704,0.027333873,1.8118,0.030063932,2.1082,0.116649646,4,0.642375,0.008978656,0.11075,0.001108678,0.1175,0.002254625,0.0935,0.003378856,0.04675,0.00075,
D_pallidipennis,21.85365854,1.52081532,7,7,7,0,15,1.245504738,735.2,45.84364732,283.5,12.7377392,2.72889,0.086760767,6.198,0.292754505,1.33015873,0.013654485,0.958730159,0.014720029,1.161904762,0.016947743,1.482539683,0.012895299,1.025396825,0.01634227,1.377777778,0.019697895,19.4,0.430116263,0.6329,0.004645824,0.211,0.002468752,0.014792776,0.000371067,0.014753621,0,3.759333333,0.174136281,0.227,0.017691806,1,0,0.57424,0.032387075,0.00882,0.001040385,0.015359432,0.8795,0.032484027,2.1384,0.056738523,2.6236,0.090748884,4,0.608897436,0.018788969,0.3152,0.023474241,0.1812,0.027684653,0.1636,0.027897312,0.1158,0.015344054,
D_pallidosa,5.125,0.152700058,7,7,7,0,5.615384615,0.180400606,697.2,11.31989399,,,2.26305,0.04839051,4.9406,0.212506141,0.9325,0.017940875,0.7375,0.008838835,0.9775,0.008291562,1.025,0.008838835,0.79,0.010752907,0.9125,0.006846532,16.21428571,0.554818105,0.50065,0.005304058,0.16635,0.001759598,0.007286234,0.000189829,0.007254015,0,2.525333333,0.034459316,0.097,0.017214335,1,0,0.24796,0.008749491,0.00832,0.001575881,0.033553799,0.4229,0.018405787,1.47175,0.019189298,1.8228,0.037338184,2,0.274575,0.007625185,0.1345,0.002020726,0.0985,0.000866025,0.07,0.001154701,0.091,0.001154701,
D_pandora,5.317073171,0.18947625,21,21,21,0,5.071428571,0.286400275,1086.8,75.74457076,458.5714286,19.80973073,3.21534,0.023323713,5.8742,0.127405023,0.9075,0.017047727,0.705,0.019202864,0.875,0.022008521,1.0325,0.010155048,0.7775,0.008291562,0.9425,0.02076656,12,0.591607978,0.48945,0.005742948,0.16245,0.002712035,0.006827608,0.000273474,0.006763109,0,4.156,0.103532604,0.15,0.00305505,1,0,0.1709,0.015561587,0.00758,0.000994686,0.044353423,0.27588,0.003743448,1.1048,0.027745991,1.4194,0.01593926,2,0.362444444,0.009281798,0.1474,0.012262137,0.1012,0.000734847,0.0726,0.00116619,0.0934,0.001630951,
D_parabipectinata,12.69767442,0.583583921,21,21,21,0,11.78571429,1.191446491,1305.6,80.64155256,382.5,39.17679707,1.9576,0.029181501,3.7106,0.080894128,0.84,0.021065374,0.665,0.010752907,0.8275,0.015512092,0.91,0.009185587,0.735,0.00728869,0.8875,0.018540496,11.375,1.463087489,0.450210526,0.003798722,0.151526316,0.002632865,0.005442332,0.000186426,0.005412406,0,2.374,0.093585968,0.133666667,0.008875685,1,0,0.21424,0.00757777,0.00326,0.000957914,0.01521658,0.2759,0.010553056,1.1436,0.037000811,2.496,0.020238577,2,0.296105263,0.005443433,0.1844,0.006845436,0.0832,0.003307567,0.0666,0.001363818,0.0752,0.003307567,
D_paramelanica,4.846153846,0.203008617,100,35,,1,,,1261.4,84.78124793,0,,2.80812,0.051981481,5.7136,0.085977672,1.1,0.008838835,0.795,0.011592023,1.075,0.019764235,1.222222222,0.022447834,0.914285714,0.008093682,1.196825397,0.017095761,18.4,0.187082869,0.48075,0.003655475,0.1886,0.002095609,0.008979928,0.000219954,0.008953674,0,3.016,0.063516402,0.389666667,0.04664166,1,0,0.3378,0.031152351,0.00422,0.000715122,0.012492599,0.451,0.006135878,2.1088,0.096611283,2.6088,0.051332641,2,0.4381,0.008477804,0.1706,0.008028699,0.0736,0.002249444,0.0844,0.00443396,0.049,0.003768289,
D_paranensis,2.840909091,0.121404666,4,4,4,0,3.153846154,0.153846154,,,148.5,14.39618005,2.2488,0.0310247,6.6216,0.235026296,1.11,0.009185587,0.75,0.008838835,1.0675,0.006373774,1.1725,0.009185587,0.7675,0.006373774,1.0775,0.01,20.1,0.764852927,0.4537,0.002298327,0.15975,0.002527224,0.00612725,0.000208154,0.006062463,1,3.036666667,0.041530444,0.300333333,0.013169831,1,0,0.42322,0.037053359,0.02226,0.00255198,0.052596758,0.5964,0.023138431,0.0446,0.00116619,0.0524,0.0006,4,0.3891,0.006389947,0.2622,0.014582181,0.0386,0.001805547,0.033,0.001643168,0.0182,0.002672078,
D_parthenogenetica,33.23076923,1.167752457,21,21,21,0,37.61538462,1.824120658,784.4,120.2237913,274.2857143,20.36653918,5.53291,0.146991861,9.3616,0.087837691,1.07,0.014031215,0.7625,0.008838835,0.915,0.0121192,1.0625,0.006846532,0.7825,0.009354143,1.0275,0.022844584,17.9,1.029563014,0.458,0.002156996,0.16895,0.001648724,0.006856409,0.000135224,0.006845111,0,7.051333333,0.06507517,0.186,0.007571878,1,1,0.45846,0.024366588,0.01026,0.001486809,0.02237927,0.57648,0.012185335,1.6462,0.034281774,1.8988,0.050496931,4,0.325225,0.005600651,0.1926,0.005626722,0.1598,0.00507346,0.1322,0.002517936,0.0718,0.007391887,
D_paulistorum,28.41860465,0.652308753,7,7,7,0,29.5,1.157976291,,,,,8.81,0.53,10.3244,0.327537876,0.789375,0.008074234,0.628125,0.006594144,0.755625,0.009179989,0.865,0.006761929,0.699375,0.007612911,0.89125,0.008935993,15.5,0.612372436,0.45235,0.004381345,0.16085,0.001250842,0.006137273,0.000117395,0.006127952,0,2.584333333,0.085458242,0.357,0.001154701,1,0,0.3005,0.004623003,0.0275,0.000518297,0.091514143,0.144715,0.010523881,1.968,0.041389485,2.4007,0.024365107,2,0.2757,0.0071586,0.2522,0.021822924,0.1004,0.003854867,0.1092,0.002853069,0.0832,0.003104835,
D_pegasa,6.225,0.210273022,1,1,1,0,2.538461538,0.183113549,870,93.95317983,,,3.628611111,0.15827573,6.0086,0.15566329,1.0475,0.00728869,0.6475,0.00728869,0.9075,0.011592023,1.155,0.011592023,0.7375,0.006846532,1.065,0.010752907,18.7,0.2,0.44005,0.00240004,0.1574,0.002651995,0.00578633,0.000222873,0.005708344,0,4.719666667,0.05191446,0.297666667,0.015762121,0,0,0.2666,0.006473562,0.01442,0.001170214,0.054088522,0.531133333,0.030569611,1.7194,0.048490824,2.095333333,0.074586266,4,0.519517544,0.007096111,0.2088,0.011968291,0.067,0.00219089,0.046,0.001870829,0.0476,0.001122497,
D_peninsularis,1.825,0.112588996,3,3,3,0,1.384615385,0.140441681,826,79.70382676,230,10.60660172,2.16748,0.018471665,6.33675,0.143562632,1.2075,0.009354143,0.7825,0.010897247,1.14,0.008291562,1.0125,0.01045825,0.6575,0.010155048,0.985,0.009185587,20,1.083974169,0.45825,0.004303533,0.143,0.003461822,0.004948594,0.000224089,0.004906515,1,3.176666667,0.056628418,0.151666667,0.019675139,1,1,0.61546,0.009199815,0.03256,0.001208553,0.052903519,0.86014,0.02844327,1.9656,0.0404099,2.5344,0.024416388,4,0.3547,0.005982289,0.2424,0.008652167,0.0424,0.00429651,0.0424,0.002976575,0.0258,0.00348425,
D_persimilis,8.5,0.06,7,7,7,0,9,0.275240941,,,,,0.32,0.017,0.4642,0.011846518,1.0225,0.01,0.765,0.009185587,0.9325,0.013462912,1.1275,0.00728869,0.8375,0.014790199,1.085,0.010752907,21.33333333,0.586893895,0.4709,0.003900675,0.17,0.002066016,0.007146288,0.000181726,0.007125661,0,0.728666667,0.018021592,0.117666667,0.001763834,1,0,0.27848,0.008220365,0.01038,0.000662873,0.037273772,0.38898,0.01375883,2.014,0.085491715,2.1164,0.026360197,2,0.2315,0.004764048,0.106666667,0.002859681,0.048666667,0.001744834,0.078333333,0.001605546,0.037333333,0.001686548,
D_prolongata,5.393939394,0.245949744,4,4,4,0,5.375,1.034019549,2078.2,113.6148758,,,2.51212,0.023698574,3.5298,0.094614164,1.64,0.014142136,1.06,0.014142136,1.452,0.01356466,1.524,0.014696938,1.004,0.011661904,1.416,0.007483315,10.5,0.387298335,0.7082,0.004847463,0.243,0.002899183,0.021923389,0.000474824,0.021896116,0,3.941333333,0.049720329,0.219333333,0.003480102,1,0,1.11408,0.056894722,0.03316,0.006717485,0.029764469,0.89502,0.020769145,2.814,0.091936391,2.7652,0.067249089,2,0.5701,0.012097825,0.1796,0.017385626,0.0712,0.002709243,0.0738,0.001157584,0.0564,0.0027313,
D_prosaltans,23,0.374448448,3,3,3,0,220.5,17.61391495,,,0,,8.24,0.28,12.226,0.052435675,0.8325,0.01879162,0.6475,0.010752907,0.8275,0.020691182,1.0625,0.044546324,0.7225,0.004677072,1.0225,0.0121192,18.7,0.435889894,0.49055,0.004401839,0.1831,0.003402708,0.008685691,0.000351939,0.008611099,0,3.351666667,0.246090995,0.1,0.005507571,0,0,0.17728,0.011358098,0.01178,0.00111866,0.066448556,0.2403,0.022466353,1.0672,0.027304578,1.5452,0.046132852,2,0.351962963,0.005925819,0.2456,0.038195026,,,,,,,non-melanized
D_prostipennis,48.79487179,2.019199173,100,35,,1,,,1473.8,111.3810576,0,,2.286395833,0.074157516,4.1238,0.117965843,1.0075,0.015612495,0.77,0.011592023,0.8275,0.016007811,1.22,0.012869538,0.895,0.010155048,0.9775,0.014469796,10.4,0.291547595,0.53115,0.005163778,0.20875,0.001803323,0.012140215,0.000254431,0.012119056,0,3.140333333,0.084222589,0.221333333,0.033288303,1,0,0.33906,0.016059346,0.01758,0.005147174,0.05184923,0.5935,0.013279345,1.3836,0.019247337,1.8334,0.04996859,2,0.4895,0.0165,0.1566,0.00538145,0.0592,0.002332381,0.0732,0.002416609,0.0444,0.002315167,
D_pseudoananassae,10.05555556,0.287143691,100,35,,1,,,1595.6,120.2707778,0,,2.34065,0.096075962,3.175,0.057997414,0.805,0.015103807,0.6625,0.013110111,0.79,0.015512092,0.93,0.013462912,0.7225,0.009185587,0.875,0.013110111,13.625,0.943729304,0.4811,0.003398839,0.1654,0.00156676,0.006898531,0.000125676,0.006891361,0,3.2605,0.370813183,0.1384,0.01716275,1,0,0.1388,0.004426285,0.00436,0.000574978,0.031412104,1.80906,0.052592515,1.0006,0.038822159,1.6464,0.0784,2,0.309333333,0.005903361,0.21675,0.004732424,0.05575,0.001887459,0.057,0.00147196,0.02975,0.004497685,
D_pseudoobscura,5.4,0.1,4,4,4,0,5.5,0.1,,,,,0.36,0.01,0.4958,0.008546344,1.015,0.010752907,0.77,0.008477912,0.95,0.013110111,1.075,0.01677051,0.8975,0.009185587,1.025,0.01045825,20.91666667,0.62472216,0.43395,0.004778502,0.16155,0.00195,0.005941008,0.000150784,0.005929966,0,0.715333333,0.011464922,0.108666667,0.004910307,1,0,0.256,0.006026027,0.00608,0.000481041,0.02375,0.30796,0.007770882,1.927,0.015773395,2.1958,0.022769278,2,0.26705,0.004132334,0.1345,0.003180671,0.041666667,0.000333333,0.081166667,0.000909823,0.026833333,0.000703167,
D_pseudotakahashii,30.15555556,1.449470665,21,21,21,0,28.11111111,2.642833309,1134.4,28.55801114,0,,1.807113333,0.034857072,2.2914,0.096572046,0.96,0.008291562,0.6925,0.006373774,0.88,0.010155048,1.0575,0.006373774,0.7825,0.0075,0.9475,0.010752907,12.8,0.339116499,0.58685,0.005275203,0.1952,0.021190688,0.01434478,0.000370351,0.011708071,0,2.026333333,0.018906201,0.127333333,0.012115188,1,0,0.2412,0.013355149,0.00548,0.00020347,0.022719735,0.31986,0.009840457,1.2364,0.022619903,1.7614,0.025535466,3,0.455233333,0.010370458,0.124,0.004049691,0.0544,0.001469694,0.0488,0.000734847,0.0316,0.002481935,
D_punjabiensis,4.090909091,0.197281155,1,1,1,0,5.090909091,0.504992782,1694,115.899094,303,10.19803903,0.95325,0.023065125,1.5052,0.115361779,0.85,0.008838835,0.6125,0.008838835,0.79,0.008291562,0.915,0.01,0.68,0.010897247,0.8675,0.005,13.3,0.339116499,0.4428,0.005894511,0.1514,0.003174238,0.005392135,0.000283143,0.005314446,1,2.125,0.072830854,0.158,0.007937254,1,0,0.1397,0.007379566,0.0041,0.000781025,0.029348604,0.26568,0.008803261,1.099,0.020137031,1.4324,0.022793859,2,0.371294118,0.011140402,0.131,0.005709641,,,,,,,non-melanized
D_quadrilineata,15.85,0.405965137,14,14,14,0,15.18181818,0.671743753,1200.2,54.1150626,,,1.114625,0.051682273,1.4656,0.117192406,1.231746032,0.012895299,0.895238095,0.008093682,1.133333333,0.01982539,1.250793651,0.021531206,0.933333333,0.009255479,1.234920635,0.005939139,12.8,0.254950976,0.49775,0.004735574,0.1827,0.001231388,0.008712142,0.000157748,0.008699354,0,1.285333333,0.064162121,0.201333333,0.031965259,1,1,0.5099,0.014244402,0.01586,0.001634197,0.031104138,0.76884,0.042729903,1.9828,0.016362763,2.2106,0.072123228,4,0.621825,0.013380664,0.1376,0.007826877,0.0736,0.001363818,0.069,0.00148324,0.028,0.00181659,
D_quinaria,7.461538462,0.248738121,1,1,1,0,7.583333333,0.357989617,502.6,36.89525715,202.5,23.47871376,2.74424,0.078965091,5.0828,0.184314514,1.314285714,0.013654485,0.920634921,0.017388018,1.273015873,0.018374344,1.33968254,0.019179438,0.955555556,0.009255479,1.307936508,0.028659476,17,0.273861279,0.5085,0.004781268,0.1872,0.001234589,0.009336555,0.000143695,0.009330422,0,3.804333333,0.026269966,0.169333333,0.011566234,1,1,0.45376,0.017760591,0.02098,0.000517107,0.046235896,0.4896,0.007731171,2.3586,0.051166004,2.731,0.056346251,3,0.173525,0.008663953,0.1152,0.008070936,0.0994,0.003613862,0.1142,0.002267157,0.0786,0.002694439,
D_repleta,2.161290323,0.104693862,3,3,3,0,3.230769231,0.257050483,400.6,42.94484835,247.5,7.158910532,6.55,0.01,15.099,0.236891325,1.279365079,0.011878277,0.812698413,0.013654485,1.155555556,0.016187364,1.39047619,0.010765603,0.93968254,0.009255479,1.317460317,0.011223917,21.3,0.561248608,0.4445,0.003590558,0.15285,0.000909815,0.005442806,8.22E-05,0.005437525,0,10.97066667,0.139595049,0.293333333,0.01214267,0,0,0.67164,0.042914119,0.02714,0.003429956,0.040408552,0.95346,0.060025533,2.4644,0.076358759,3.0746,0.04276868,4,0.417925,0.006304291,0.0166,0.000748331,0.02,0.000632456,0.0082,0.000374166,0.0182,0.000374166,
D_repletoides,35.425,1.290441934,2,2,2,0,34.84615385,1.775351731,519.2,44.86691431,278.0769231,12.08329082,4.126777778,0.131047254,8.5644,0.328143048,1.22,0.014031215,0.84,0.015,1.0725,0.026040833,1.377777778,0.009255479,1.047619048,0.018098023,1.247619048,0.023862375,29.1,0.556776436,0.4694,0.002804255,0.157575,0.001032726,0.006119109,9.99E-05,0.00610262,0,5.825666667,0.281221344,0.235666667,0.014263395,0,0,0.49202,0.016031887,0.02298,0.002471922,0.046705418,0.4797,0.001779607,1.9596,0.020519747,2.5286,0.045867854,4,0.21083871,0.004648523,0.2252,0.005190376,0.1276,0.002638181,0.1336,0.009025519,0.08,0.003082207,
D_rhopaloa,16.825,0.645385494,21,21,21,0,10.53846154,0.447434061,2074,51.46552244,264,10.53565375,2.43,,3.284,0.128868926,1.0025,0.004677072,0.6925,0.006373774,0.98,0.009354143,1.05,0.006846532,0.7875,0.008838835,1.0375,0.008838835,6.8,0.254950976,0.65315,0.004285394,0.2373,0.002437751,0.019298416,0.000410275,0.019257816,0,2.656,0.040153871,0.098,0.008144528,1,0,0.24742,0.025528228,0.00492,0.000784474,0.019885215,0.46312,0.023704544,1.193,0.034682849,1.6702,0.041902745,2,0.31175,0.007762554,0.2302,0.008404761,0.0636,0.000979796,0.0682,0.000374166,0.0566,0.0006,
D_robusta,1,0,2,2,2,0,1.153846154,0.104154339,401.8,52.72703291,124.5,6.726812024,6.63,0.09,8.07,0.193520283,1.380952381,0.012295185,0.907936508,0.010528968,1.358730159,0.01634227,1.479365079,0.011664237,0.968253968,0.010038977,1.380952381,0.008694009,19.2,0.122474487,0.47835,0.003348429,0.16105,0.002181833,0.006526949,0.000196445,0.006496297,0,7.09,0.12750817,0.143,0.008962886,1,0,0.98212,0.045274832,0.06032,0.00315981,0.061418157,1.01938,0.220587165,2.8088,0.110197278,3.268,0.072954095,4,0.438075,0.006758792,0.2394,0.011057124,0.165,0.003911521,0.112,0.002966479,0.1114,0.003385262,
D_rufa,8.923076923,1.829944586,7,7,7,0,6.153846154,0.249259258,1209.2,66.43146845,447,10.44030651,4.347333333,0.156663416,6.2094,0.624439717,1.085,0.01,0.71,0.008291562,0.9775,0.009185587,1.13,0.006373774,0.81,0.009185587,1.04,0.00728869,14.1,0.367423461,0.4626,0.004239786,0.15745,0.001553392,0.006027287,0.00015899,0.006004676,1,5.606333333,0.047572167,0.279333333,0.025562559,1,0,0.24028,0.009070854,0.00672,0.000198494,0.027967371,0.31778,0.01069628,1.5564,0.029910868,1.8852,0.035676883,2,0.3159,0.009484995,0.1472,0.009499474,0.04375,0.005421792,0.06425,0.000946485,,,non-melanized
D_saltans,12.38461538,0.467016523,21,21,21,0,15.35714286,0.668006242,,,,,8.96,0.45,13.352,0.17634058,0.835,0.019121323,0.72,0.019605484,0.6775,0.017853571,0.9925,0.006373774,0.8025,0.013346348,1.09,0.013346348,13.95,0.189296945,0.47945,0.00651899,0.17875,0.003638157,0.008103857,0.00038609,0.008021102,0,3.979333333,0.087818626,0.104,0.004041452,1,0,0.20434,0.006002466,0.01204,0.002088444,0.058921406,0.33128,0.010088726,1.231,0.019204166,1.6534,0.013253679,2,0.361222222,0.008249378,0.3295,0.009535023,0.1425,0.003013857,0.15475,0.00535996,0.0715,0.005909033,
D_santomea,27.65957447,0.71864079,100,35,,1,,,1022,41.90107397,0,,1.11,,1.599666667,0.042958636,0.835,0.019121323,0.72,0.019605484,0.6775,0.017853571,0.98,0.013462912,0.7575,0.010155048,0.9525,0.006123724,8.8,0.339116499,0.55465,0.003555777,0.18435,0.002376724,0.009920058,0.000286115,0.009869699,0,1.590666667,0.021620464,0.076666667,0.015169414,0,0,0.18164,0.00795271,0.00364,0.000400749,0.020039639,0.29252,0.026714854,1.2352,0.01223683,1.5342,0.02194402,2,0.3916875,0.0106797,0.191111111,0.005237271,0.044555556,0.000987577,0.062222222,0.00111527,0.024555556,0.001156036,
D_sechellia,25.22857143,0.898257617,7,7,7,0,19.33333333,2.848001248,1015.6,46.56887372,,,1.5948,0.019833305,1.7192,0.041563686,0.8875,0.020155644,0.6925,0.012869538,0.82,0.022569338,1,0.01045825,0.7875,0.014252193,0.9425,0.010155048,8,0.591607978,0.576,0.003382618,0.20385,0.002525944,0.012577221,0.000327297,0.012532639,0,2.183,0.018193405,0.173666667,0.024182179,1,0,0.21352,0.007511019,0.01048,0.002315902,0.049082053,0.3184,0.020307905,1.2298,0.054146468,1.4862,0.036330979,2,0.3615,0.009892988,0.191571429,0.003987224,0.042714286,0.000892143,0.071857143,0.00163923,0.027571429,0.001087968,
D_seguyi,6.432432432,0.50751195,2,2,2,0,7,0.577350269,672,31.40222922,387.2727273,24.17139215,5.438166667,0.213681942,7.51475,0.173521072,0.945,0.008477912,0.675,0.014252193,0.815,0.02351861,1.035,0.015512092,0.8075,0.010897247,0.9775,0.013346348,15.2,0.514781507,0.49155,0.003971262,0.1663,0.001905808,0.007135471,0.000173569,0.007117883,1,6.025,0.018945536,0.344333333,0.025725042,1,0,0.2069,0.015112346,0.00982,0.00098661,0.047462542,0.44278,0.019293714,1.3256,0.0344,1.8052,0.010988175,2,0.331090909,0.007327972,0.1205,0.019276497,,,,,,,non-melanized
D_serrata,4.853658537,0.199269935,1,1,1,0,4.714285714,0.194104634,634.4,51.48456079,,,1.68652,0.032640288,4.7552,0.206936802,0.885,0.020691182,0.6225,0.012747549,0.795,0.02,1.274246032,0.017266283,0.998769841,0.054084274,1.138730159,0.061450511,14.1,0.430116263,0.47435,0.004574112,0.1701,0.003454136,0.007232261,0.000281143,0.007186313,1,2.773,0.108,0.331333333,0.009261629,0,0,0.21544,0.006401609,0.01006,0.000673498,0.046695136,0.43812,0.039977136,1.0572,0.020286449,2.274,0.043591284,2,0.41075,0.005400719,0.1532,0.018502432,,,,,,,non-melanized
D_siamana,21.24390244,0.604637049,21,21,21,0,23.53333333,2.25275845,871.6,52.30066921,163.3333333,11.0239638,4.13995,0.233270824,7.6532,0.072773896,1.396,0.013266499,0.992,0.01356466,1.204,0.017204651,1.5,0.014142136,1.116,0.013266499,1.292,0.026532998,32.3,0.374165739,0.5074,0.004962703,0.18305,0.001506958,0.008918473,0.00017917,0.00890202,0,5.189666667,0.020219902,0.375,0.033080709,1,1,0.74378,0.040523146,0.01706,0.002725546,0.02293689,0.82832,0.015147653,2.193,0.035788266,2.6904,0.063629081,4,0.633,0.010895482,0.1014,0.009091755,0.1496,0.004226109,0.136,0.001183216,0.133,0.002915476,
D_simulans,23.3,0.3,3,3,3,0,25.3,0.44,,,,,1.14,0.01,2.5434,0.102304469,0.95,0.01045825,0.6675,0.012869538,0.785,0.010752907,1.025,0.014252193,0.7725,0.00728869,0.9525,0.010752907,21.6,2.105943969,0.52855,0.003256956,0.18615,0.00226794,0.0096149,0.000242378,0.009589827,0,1.658,0.03118226,0.226,0.019974984,1,0,0.18096,0.014434874,0.00896,0.000628967,0.049513705,0.32996,0.028470469,1.5514,0.02897171,1.911,0.085051161,2,0.404857143,0.008844499,0.1986,0.003572114,0.0498,0.001933908,0.0788,0.002332381,0.0326,0.001777639,
D_sordidula,1.025,0.025,2,2,2,0,1,0,514.8,42.81518422,199.5,8.958236434,4.708444444,0.114978313,6.5232,0.217473079,1.457142857,0.009255479,0.974603175,0.006349206,1.323809524,0.008093682,1.644,0.013266499,1.056,0.014696938,1.5,0.010954451,29.7,0.538516481,0.4873,0.001907189,0.16775,0.001333525,0.00718961,0.000121138,0.007179928,0,5.760333333,0.13314445,0.234666667,0.026591561,0,0,0.83392,0.016359597,0.06666,0.004460673,0.079935725,1.51592,0.037151789,3.0682,0.10335202,3.7016,0.088491582,4,0.5086,0.00915506,0.3108,0.011825396,0.1864,0.004081666,0.1368,0.001827567,0.1322,0.00235372,
D_stalkeri,4.023809524,0.1341212,4,4,4,0,3.461538462,0.291226069,874.6,65.49931297,,,2.70432,0.01044923,5.7774,0.174911864,1.135,0.009185587,0.76,0.00728869,1.0925,0.012247449,1.135,0.009185587,0.76,0.00728869,1.0925,0.012247449,18.8,0.845576726,0.45975,0.005392429,0.17095,0.003277896,0.007103469,0.000317554,0.00703491,1,3.69,0.096748816,0.540333333,0.036351677,0,0,0.39086,0.038306,0.007,0.000816701,0.017909226,0.45582,0.010162746,1.9206,0.035581737,2.1648,0.055798208,4,0.5097375,0.011019398,0.2642,0.014192956,0.0402,0.002782086,0.0412,0.001157584,0.0224,0.002481935,
D_sturtevanti,10.725,0.50381557,2,2,2,0,12.76923077,0.708500096,,,217.5,10.40432602,19.8,0.45,35.598,1.110814791,0.9525,0.015512092,0.705,0.011592023,1,0.013110111,1.0125,0.013693064,0.7625,0.008838835,1.0325,0.013462912,18.9,0.331662479,0.51065,0.005926868,0.18135,0.002010859,0.008827616,0.000251429,0.008793405,0,8.276,0.096464156,0.131666667,0.004176655,0,0,0.3108,0.003627671,0.02314,0.001453135,0.074453024,0.43846,0.022667854,1.4954,0.032228248,1.817,0.080212219,2,0.461925926,0.007957137,0.327175,0.089697997,0.1806,0.012286578,0.1754,0.00443396,0.1312,0.011137325,
D_sucinea,20.575,0.724911577,100,35,,1,,,,,0,,5.5,0.29,9.783,0.114767591,0.951315789,0.005646664,0.701315789,0.005048625,0.916447368,0.010297681,0.971875,0.005506799,0.704375,0.005461814,0.955,0.0058349,14.5,0.5,0.558,0.003905462,0.19175,0.002553506,0.010776523,0.000289657,0.010742456,0,2.264333333,0.086047145,0.366,0.016,1,0,0.174995,0.005417838,0.014,0.000635237,0.080002286,0.286705,0.00165102,2.61425,0.053606749,2.73875,0.057249678,2,0.4037,0.006976229,0.1616,0.006946942,0.1256,0.001691153,0.1134,0.001913113,0.0998,0.002437212,
D_sulfurigaster,20.51162791,0.731639108,14,14,14,0,18.18181818,0.795649327,1101.6,62.69417836,450,18.97366596,4.605944444,0.22633559,8.2606,0.079205808,1.16,0.0121192,0.7675,0.006373774,0.9225,0.00728869,1.282539683,0.009255479,0.895238095,0.010765603,1.146031746,0.01538946,19.9,0.620483682,0.4897,0.00515859,0.18065,0.001733987,0.008375023,0.00016327,0.008367672,0,5.181444444,0.038140133,0.330666667,0.019376389,1,1,0.38948,0.009342666,0.0168,0.001797776,0.043134436,0.35964,0.049624184,1.6626,0.030709282,2.0852,0.042901515,4,0.59655,0.011952521,0.1134,0.009636389,0.142,0.002167948,0.1084,0.017707625,0.0376,0.0054461,
D_suzukii,28.69767442,1.306570364,7,7,7,0,34.86666667,3.290486527,796.6,41.63364024,176.6666667,18.83775759,1.67,,3.161636364,0.186206302,1.065,0.017410485,0.7675,0.008477912,0.925,0.01118034,1.307936508,0.012895299,1.136507937,0.01634227,1.406349206,0.046440441,14,0.532290647,0.59055,0.004851736,0.21055,0.001747893,0.013725968,0.000260238,0.013707738,0,2.827666667,0.026660416,0.237333333,0.02511529,1,1,0.30574,0.03177725,0.00874,0.000898109,0.028586381,0.75358,0.013860859,1.7368,0.053841805,2.43275,0.063392133,2,0.6441,0.021266467,0.1908,0.008901685,0.0676,0.002249444,0.0784,0.002088061,0.0554,0.001469694,
D_takahashii,14.05,0.54414129,4,4,4,0,11,0.940539943,486.6,15.33166658,,,1.87,,3.087166667,0.050061573,0.9125,0.01118034,0.665,0.008291562,0.78,0.017047727,1.0425,0.023584953,0.6925,0.011592023,0.9375,0.020539596,12,0.619139187,0.5337,0.004084051,0.19315,0.002863817,0.01048267,0.000351285,0.010425221,0,2.579333333,0.256224077,0.149666667,0.007623064,1,0,0.13636,0.006747637,0.00566,0.000580172,0.041507774,0.26498,0.010225625,1.0912,0.015190128,1.2892,0.062708373,2,0.4532,0.010620388,0.1805,0.006586603,0.060833333,0.001621042,0.076333333,0.001584649,0.046833333,0.002166667,
D_tani,5.675,0.200600061,7,7,7,0,9.083333333,0.72256208,1147,54.78959755,,,4.73438,0.190490168,6.2796,0.08757945,0.9725,0.030973779,0.6925,0.008477912,0.835,0.011456439,1.0275,0.012747549,0.705,0.015103807,0.935,0.016488632,12.5,0.353553391,0.47665,0.005793043,0.1816,0.002905892,0.008306195,0.000334245,0.00823057,1,4.936333333,0.124828327,0.232,0.031192948,1,0,0.2826,0.011945543,0.01172,0.00150446,0.041472045,0.31372,0.024831702,1.421,0.030727838,1.6934,0.039095524,2,13.29318182,12.98604248,0.1472,0.011980818,0.046,0.00219089,0.0488,0.00156205,0.0254,0.0031241,
D_triauraria,6.05,0.245341207,1,1,1,0,5.923076923,0.348284044,1029.8,56.75068282,225,13.29607891,3.59595,0.272703128,4.2,0.12530004,0.9675,0.006373774,0.635,0.004677072,0.8775,0.016007811,1.0725,0.010752907,0.69,0.004677072,0.935,0.019121323,12.6,0.244948974,0.4558,0.004792318,0.1669,0.002864391,0.006691118,0.000265011,0.006647917,1,4.057,0.058197938,0.1445,0.0125,1,0,0.2061,0.005433691,0.01012,0.00102684,0.049102377,0.36486,0.009826016,1.2118,0.031196795,1.4596,0.026551083,2,0.317947368,0.005616639,0.2186,0.014365236,0.1462,0.003215587,0.1284,0.007833262,0.1156,0.005075431,
D_tripunctata,45.625,2.180721063,100,35,,1,,,1970.6,45.2079639,0,,3.12052,0.074788571,5.0436,0.285540295,0.94,0.014469796,0.6975,0.004677072,0.8775,0.006123724,1.1,0.008838835,0.7725,0.008291562,0.9875,0.003952847,16.9,0.731436942,0.47265,0.003426887,0.1731,0.00193975,0.007431522,0.000171961,0.007415363,0,3.352333333,0.003844188,0.101,0.004358899,1,0,0.27122,0.008289174,0.00678,0.000749266,0.024998156,0.50152,0.012009388,1.4744,0.012808591,1.9302,0.049596774,4,0.283375,0.006465261,0.1182,0.004953786,0.1258,0.003878144,0.0848,0.005083306,0.106,0.004571652,
D_tropicalis,16.175,0.756923175,14,14,14,0,15,0.984731928,,,368.3333333,17.15938357,1.56,0.2,2.8676,0.041663653,0.763125,0.007224945,0.6175,0.006564458,0.661875,0.009574629,0.93,0.010591084,0.736875,0.008999041,0.94375,0.010594965,15,0.204124145,0.48515,0.005677414,0.17105,0.001485854,0.007447171,0.000166529,0.007432259,0,1.5724,0.006681745,0.405,0.051423082,1,0,0.11392,0.00488567,0.0064,0.000712335,0.056179775,0.241185,0.001606947,1.8251,0.053760135,2.556105263,0.051489333,2,0.274933333,0.005000444,0.198,0.033098338,0.1086,0.018329212,0.1148,0.019550959,0.0724,0.017151093,
D_truncata,4.425,0.175,7,7,7,0,7.230769231,0.981585884,1178.8,14.2492105,201,13.07669683,3.352777778,0.271942423,6.1046,0.12597722,0.8425,0.008477912,0.5975,0.008291562,0.78,0.010155048,0.91,0.01,0.67,0.006373774,0.875,0.01118034,8,0.353553391,0.49525,0.00238402,0.16415,0.001431369,0.006997641,0.000127644,0.006987227,1,6.301,0.165533481,0.239666667,0.02983473,1,0,0.17006,0.007217797,0.00422,0.000572189,0.024814771,0.2985,0.014263695,0.9136,0.046450619,1.1366,0.048586624,2,0.447575,0.008285366,0.151,0.014734314,0.0688,0.004726521,0.0632,0.005379591,,,non-melanized
D_tsacasi,3.925,0.29610181,1,1,1,0,5.153846154,0.491545885,729.4,40.03823173,97.5,4.609772229,1.70452,0.051427137,2.7896,0.045304084,0.935,0.012747549,0.6825,0.006373774,0.88,0.010155048,1.07,0.008477912,0.6925,0.015103807,0.99,0.024811792,15.1,0.509901951,0.42295,0.005364834,0.14265,0.00191569,0.004519821,0.00012895,0.004506415,1,2.075,0.073582154,0.271333333,0.029923978,0,0,0.20846,0.019601597,0.00466,0.000809691,0.022354409,0.34422,0.011384085,1.003,0.0280749,1.378,0.016217275,2,0.135393939,0.009267075,0.1242,0.013628646,0.0672,0.002939388,0.0644,0.003544009,,,non-melanized
D_varians,11.65853659,0.439802833,21,21,21,0,7.928571429,0.398683075,1136.4,55.64314872,399,12.08304597,2.983277778,0.087238622,11.3162,0.225489113,0.8925,0.010155048,0.68,0.012247449,0.9,0.008838835,1.0275,0.012747549,0.785,0.012747549,0.9825,0.006373774,18.9,0.640312424,0.4524,0.003040429,0.14455,0.00229011,0.004973345,0.000156111,0.004949455,0,3.578,0.144534886,0.319,0.037112442,1,0,0.25038,0.017639824,0.00642,0.001065552,0.025641026,0.47444,0.019052286,1.3048,0.024383191,1.5644,0.033724768,2,0.259,0.004971498,0.141,0.016682326,0.0758,0.00168523,0.0648,0.001157584,0.0612,0.004420407,
D_virilis,3.731707317,0.184867752,1,1,1,0,3.565217391,0.233770325,699.2,58.86543978,180,20.31009601,5.7,0.16,10.1626,0.171985057,1.1925,0.022569338,0.7875,0.013110111,1.07,0.015103807,1.1175,0.01457738,0.7925,0.011592023,1.09,0.014469796,22.6,1.4,0.62545,0.004987603,0.18545,0.002605132,0.011319701,0.000359556,0.011262762,0,7.165333333,0.103938016,0.307,0.016093477,1,0,0.3748,0.021829086,0.03132,0.004463116,0.083564568,0.70114,0.044328068,2.4598,0.069460348,2.3936,0.028015353,4,0.325765957,0.010476758,0.1576,0.00401995,0.1606,0.002379075,26.9032,26.7742002,0.1346,0.00256125,
D_watanabei,7.075,0.595267124,0.5,0.5,0.5,0,3.461538462,0.351104204,1255.6,112.405338,,,1.82675,0.089649888,1.818,0.046585048,0.9075,0.006373774,0.615,0.006123724,0.7425,0.005,1.0075,0.010155048,0.7025,0.011456439,0.95,0.006846532,13,0.273861279,0.410675,0.002832365,0.150075,0.00180469,0.004875129,0.000132548,0.00484299,1,2.238166667,0.102937333,0.073333333,0.004333333,1,0,0.22212,0.009353149,0.01374,0.000853581,0.061858455,0.29998,0.018511008,1.2946,0.019765121,1.5262,0.032889816,2,0.275,0.006707595,0.1496,0.031337837,0.0504,0.005644466,0.0464,0.006918092,,,non-melanized
D_willistoni,20.02380952,0.492083786,21,21,21,0,17.46153846,0.656480365,,,,,6.87,0.32,8.8652,0.135524684,0.795,0.007554626,0.6175,0.005240907,0.689375,0.008324968,1.00125,0.00527999,0.74875,0.005799558,0.97875,0.00846335,15.41666667,0.490181372,0.48495,0.004787855,0.1781,0.002739477,0.008105275,0.000271838,0.008054219,0,3.031,0.489945235,0.229,0.014640128,1,0,0.153355,0.003699754,0.01386,0.00078885,0.090378533,0.1588,0.004801623,1.96635,0.024236258,2.64695,0.020253846,2,0.292333333,0.005286251,0.243833333,0.0107251,0.105,0.00464758,0.105,0.001788854,0.086333333,0.002333333,
D_yakuba,29.11363636,0.680610276,100,35,,1,,,,,,,1.75,,1.7744,0.018960309,0.7775,0.020691182,0.6375,0.01677051,0.65,0.030618622,0.86,0.014469796,0.695,0.015103807,0.7675,0.017940875,12.625,2.014271994,0.5234,0.002653101,0.19295,0.001924188,0.010214019,0.000188658,0.01020286,0,2.306333333,0.012547687,0.152333333,0.006887993,1,0,0.24978,0.015951846,0.00674,0.001310954,0.026983746,0.29172,0.012842484,1.22575,0.024414391,1.099,0.115944383,2,0.3076,0.006677299,0.237,0.001516575,0.04475,0.001701715,0.0722,0.001655295,0.0245,0.002901149,
S_latifasciaeformis,,,,,,,,,,,,,0.1902,0.00470319,0.2225,0.013320202,0.655,0.01457738,0.5375,0.01045825,0.61,0.009185587,0.7425,0.016105123,0.595,0.017940875,0.745,0.003061862,31.8,1.280624847,0.34515,0.003053277,0.1169,0.002627687,0.002494745,0.00012652,0.002469651,0,0.481,0.019502137,0.229333333,0.005364492,,0A,0.09964,0.007325135,0.00626,0.000821949,0.062826174,0.10768,0.001270984,0.70225,0.012618604,0.9336,0.02350234,6,0.228475,0.004733404,0.1402,0.014492757,0.0386,0.002063977,0.056,0.000316228,0.024,0.00130384,
S_lebanonensis,2.325,0.19077272,14,14,14,0,4.857142857,0.911006022,1326,43.33589736,238.125,9.158207677,0.35855,0.006796629,0.255,0.013556466,1.05,0.00559017,0.7975,0.004677072,1.0375,0.00559017,1.1175,0.006373774,0.82,0.010897247,1.09,0.009185587,37.5,0.524404424,0.44405,0.002885057,0.17705,0.001818726,0.007306784,0.000171611,0.007288235,0,0.698,0.049487372,0.299666667,0.022637236,1,0,0.40744,0.010480344,0.01686,0.001678571,0.041380326,0.54638,0.018868953,2.0598,0.082182967,2.2656,0.05875083,7,0.32545,0.006853686,0.2268,0.007137226,0.0544,0.002357965,0.0728,0.001984943,0.0286,0.00128841,
Z_davidi,4.8,0.229827137,2,2,2,0,4.230769231,0.230769231,886.75,19.76265417,,,2.78045,0.084603484,3.642,0.602943364,1.0775,0.00728869,0.7,0.007905694,1.222222222,0.010038977,1.431746032,0.005939139,0.946031746,0.010765603,1.295238095,0.010765603,24,1.060660172,0.49745,0.009329206,0.1645,0.001558508,0.007079402,0.000221231,0.007048227,0,3.704333333,0.079534758,0.468666667,0.023960616,1,0,0.68084,0.026201614,0.03342,0.001556085,0.049086423,0.99074,0.038614124,2.1318,0.056679273,2.518,0.056644505,2,0.440975,0.008168458,0.1535,0.019619293,0.09225,0.003326034,0.08075,0.003944933,0.076,0.003937004,
Z_gabonicus,2.11627907,0.082923482,4,4,4,0,3.461538462,0.143909899,579,51.82470453,162.9,12.1,5.950161111,0.105433306,6.159,0.200150693,1.0075,0.006373774,0.6675,0.006373774,1.187301587,0.009255479,1.21,0.008291562,0.875,0.01045825,1.1075,0.0075,18,0.158113883,0.50365,0.003829439,0.16555,0.001686596,0.007233038,0.000132841,0.007227462,0,6.030666667,0.204836791,0.300666667,0.059324906,1,0,0.55454,0.020075921,0.017,0.001909712,0.030656039,0.67574,0.041483618,1.9052,0.066838163,2.0004,0.04831004,4,0.327725,0.008479083,0.2048,0.008935323,0.0622,0.001933908,0.0626,0.002675818,0.0448,0.000860233,
Z_ghesquierei,3.475,0.208743187,21,21,21,0,4.153846154,0.336767321,1968.8,140.1375753,,,0.64496,0.026923848,2.0312,0.029641862,1.16,0.012747549,0.75,0.003952847,1.055,0.008477912,1.2,0.00559017,0.84,0.00728869,1.125,0.008838835,25.8,0.943398113,0.4392,0.00354861,0.1624,0.001858692,0.006080673,0.000152074,0.006065031,0,1.328,0.077272246,0.302666667,0.014169608,1,0,0.54538,0.032916339,0.01818,0.001552546,0.033334556,0.65722,0.054188729,1.8026,0.122512285,2.1328,0.078369892,4,0.216925,0.006778396,0.1524,0.01798036,5.8526,5.794155811,0.0568,0.002370185,0.0351,0.003361382,
Z_indianus,1.7625,0.092851709,1,1,1,0,1.923076923,0.177646237,698.2,52.91729396,,,5.104329167,0.575218586,6.8938,0.225949419,1.19,0.004677072,0.8075,0.006373774,1.095,0.006373774,1.1875,0.0125,0.7875,0.008838835,1.055,0.0075,16.3,0.254950976,0.54545,0.002992513,0.1698,0.001082395,0.008243436,0.000121607,0.008234343,0,5.478666667,0.055600759,0.396,0.040632499,1,0,0.50044,0.020239037,0.02214,0.00087327,0.044241068,0.5809,0.024174201,2.0288,0.060378307,2.1218,0.065774159,4,0.443925,0.015947445,0.3308,0.051532902,0.1058,0.019486919,0.1012,0.01632299,0.0644,0.009314505,
Z_kolodkinae,1.897435897,0.108944586,1,1,1,0,2.769230769,0.3781508,750.6,18.8483421,,,0.8262,0.003344249,1.612,0.377427874,1.298412698,0.025790598,0.968253968,0.020695881,1.215873016,0.025888105,1.406349206,0.019179438,0.99047619,0.01634227,1.292063492,0.034265132,19.1,0.430116263,0.58305,0.004453547,0.2061,0.002578147,0.013021007,0.000353262,0.012967624,0,1.71,0.044523402,0.757333333,0.088401232,1,0,0.53634,0.014890487,0.01546,0.001405916,0.028824999,0.94002,0.020632072,2.12,0.071547187,2.4944,0.108584345,4,0.43245,0.009219054,0.152,0.00856738,0.0446,0.003187475,0.069,0.004549725,0.0272,0.00257682,
Z_taronus,3.65,0.191317966,14,14,14,0,3.923076923,1.021948481,786.4,34.48854882,,,12.16258333,0.504600399,19.7784,0.039618935,1.349206349,0.007098628,0.907936508,0.009255479,1.26031746,0.008093682,1.288888889,0.01538946,0.920634921,0.011223917,1.20952381,0.011664237,12.7,0.122474487,0.6081,0.006064955,0.18605,0.001825946,0.01104913,0.000250515,0.011021304,0,14.458,0.444278066,0.864666667,0.046333333,1,0,0.68596,0.010340822,0.02456,0.002740547,0.035803837,0.91816,0.047762942,1.9916,0.037240569,2.349,0.060005833,4,0.400325,0.029161122,0.2186,0.014365236,0.1462,0.003215587,0.1284,0.007833262,0.1156,0.005075431,
Z_tuberculatus,2.642857143,0.112109063,1,1,1,0,4.307692308,0.364878192,560.8,46.32752961,,,3.74908,0.257896061,5.7526,0.219400684,1.1525,0.013346348,0.815,0.004677072,1.0225,0.010752907,1.352380952,0.005939139,0.933333333,0.005939139,1.073015873,0.193142711,17,0.273861279,0.52775,0.003903356,0.19395,0.001865864,0.010418319,0.000224088,0.010394568,0,4.464,0.09815464,0.543666667,0.014621141,1,0,0.57724,0.027542233,0.0243,0.001120714,0.042096875,0.76992,0.031833212,1.8242,0.062937588,2.2146,0.082292527,4,0.3705,0.010595536,0.1498,0.006514599,0.0562,0.003512834,0.0664,0.00116619,0.037,0.00248998,